Departements,Code circo,,,% M VALLS,% S PINEL,% V PEILLON,% F DE RUGY,% A MONTEBOURG,% B HAMON,% JL BENNHAMIAS
1,1|1,,,31.97,2.664,5.786,3.33,27.22,28.43,0.58
,1|2,,,29.58,1.677,6.29,4.193,20.51,36.78,0.95
,1|3,,,26.6,2.269,7.126,3.722,21.01,37.85,1.4
,1|4,,,28.44,2.542,6.937,3.45,27.17,30.14,1.3
,1|5,,,29.65,2.924,5.361,3.655,20.22,37.53,0.64
2,2|1,,,35.76,1.924,6.255,2.886,20.93,31.51,0.72
,2|2,,,31.6,0.684,7.632,3.718,18.19,36.79,1.36
,2|3,,,29.44,1.618,22.43,2.157,18.66,25.13,0.53
,2|4,,,36.85,2.422,7.342,2.496,19.75,30.39,0.73
,2|5,,,29.87,3.434,7.667,2.635,18.76,36.42,1.19
3,3|1,,,30.55,1.228,3.952,3.579,25.8,33.92,0.96
,3|2,,,34.57,2.981,5.275,3.383,24.48,28.38,0.91
,3|3,,,33.55,4.18,4.831,3.637,21.11,31.81,0.86
4,4|1,,,31.44,3.144,6.383,3.191,18.34,35.77,1.71
,4|2,,,27.47,3.063,4.774,4.549,16.35,42.79,0.99
5,5|1,,,28.98,2.741,6.954,3.807,17.96,38.27,1.26
,5|2,,,28.25,3.674,6.124,3.587,15.66,41.9,0.78
6,6|1,,,37.15,1.615,7.331,3.945,15.71,33.3,0.93
,6|2,,,32.84,2.315,7.617,4.326,17.97,33.33,1.58
,6|3,,,34.94,2.109,7.069,3.534,17.44,33.69,1.19
,6|4,,,33.87,2.04,7.836,3.673,19.18,31.51,1.87
,6|5,,,40.01,1.597,7.542,3.637,18.18,28.21,0.79
,6|6,,,38.68,2.017,6.7,3.89,17.29,30.33,1.08
,6|7,,,31.65,2.091,6.652,4.801,18.55,35.15,1.09
,6|8,,,34.74,2.084,6.323,3.196,19.87,31.96,1.8
,6|9,,,32.48,1.917,7.512,4.507,17.61,34.81,1.13
7,7|1,,,35.33,2.247,5.59,2.824,15.04,37.86,1.09
,7|2,,,32.73,1.78,4.595,4.135,16.88,38.65,1.2
,7|3,,,31.59,2.106,5.369,3.676,14.29,41.8,1.15
8,8|1,,,36.86,1.408,5.219,1.822,22.2,31.73,0.74
,8|2,,,30.79,1.144,5.776,2.397,24.95,34.11,0.81
,8|3,,,35.61,1.565,4.5,2.739,25.44,29.06,1.07
9,9|1,,,39.73,2.954,7.109,2.308,15.57,30.77,1.53
,9|2,,,39.17,2.731,7.335,1.95,17.08,30.74,0.97
10,10|1,,,33.23,1.819,8.141,3.544,19.92,31.22,2.1
,10|2,,,33.44,1.299,6.429,3.693,21.54,32.07,1.5
,10|3,,,32.97,2.147,5.674,2.453,21.16,33.97,1.61
11,11|1,,,42.3,2.478,6.128,2.247,15.85,30.1,0.88
,11|2,,,40,6.042,7.347,2.297,15.06,28.56,0.68
,11|3,,,43.91,2.96,5.149,2.166,15.79,28.55,1.45
12,12|1,,,34.5,2.882,5.331,3.192,17.54,35.8,0.74
,12|2,,,34.69,4.314,6.76,2.696,15.78,34.62,1.11
,12|3,,,32.69,2.992,4.404,3.162,16.09,39.58,1.07
13,13|1,,,34.56,1.735,7.809,2.386,18.22,33.91,1.37
,13|2,,,36.01,1.079,8.129,3.112,14.41,36.01,1.23
,13|3,,,42.14,1.027,7.013,2.116,17.29,29.5,0.9
,13|4,,,21.3,4.865,13.33,4.026,16.52,38.59,1.34
,13|5,,,25.16,1.634,7.997,3.239,14.74,45.53,1.69
,13|6,,,43.08,2.168,5.013,1.897,19.24,26.69,1.89
,13|7,,,28.69,1.253,5.571,0.974,27.29,34.81,1.39
,13|8,,,29.35,1.585,5.444,3.997,23.5,34.8,1.3
,13|9,,,32.64,1.149,6.896,5.057,17.93,35.17,1.14
,13|10,,,30.79,1.998,5.996,3.735,22.37,33.22,1.86
,13|11,,,32.61,1.964,7.701,3.804,17.77,34.86,1.27
,13|12,,,31.84,1.686,7.522,3.826,23.41,30.67,1.03
,13|13,,,30.5,1.93,4.247,3.088,28.57,30.88,0.77
,13|14,,,31.48,1.19,7.979,4.446,16.63,37.35,0.91
,13|15,,,30.82,1.809,7.167,4.592,18.85,35.69,1.04
,13|16,,,37.21,2.69,5.381,2.242,21.97,29.89,0.59
14,14|1,,,28.66,1.508,6.944,4.265,16.04,41.71,0.85
,14|2,,,27.34,2.055,6.598,2.899,17.33,42.73,1.03
,14|3,,,29.28,2.409,6.672,3.012,19.83,37.81,0.97
,14|4,,,32.75,2.19,5.851,3.759,18.6,35.92,0.91
,14|5,,,28.59,1.86,6.27,3.87,18.03,40.14,1.23
,14|6,,,27.51,2.084,6.808,4.029,18.61,40.15,0.78
15,15|1,,,41.51,2.109,6.807,3.163,15.53,30.2,0.67
,15|2,,,35.36,1.865,7.379,1.865,17.98,35.28,0.25
16,16|1,,,32.31,1.816,7.217,2.581,18.21,37.18,0.66
,16|2,,,31.39,1.019,9.468,3.35,19.3,35.03,0.43
,16|3,,,32.8,1.754,4.912,3.684,21.84,33.77,1.22
17,17|1,,,34.33,2.4,7.405,3.988,14.84,36.1,0.92
,17|2,,,31.59,2.132,6.053,3.7,18.01,37.54,0.95
,17|3,,,31.22,2.139,7.656,3.744,18.48,35.57,1.17
,17|4,,,33.94,3.041,6.355,3.259,18.73,33.46,1.19
,17|5,,,33.27,1.689,5.933,3.229,20.09,34.77,1.01
18,18|1,,,32.73,1.66,6.839,2.191,23.37,32.27,0.92
,18|2,,,29.67,1.666,5.797,3.333,25.86,32.82,0.83
,18|3,,,27.94,1.938,5.414,2.673,29.74,31.61,0.66
19,19|1,,,36.93,1.93,8.47,3.238,14.23,34.5,0.68
,19|2,,,39.06,1.467,8.35,2.935,15.63,31.52,1.01
21,21|1,,,33.09,1.465,8.464,4.937,24.74,26.42,0.86
,21|2,,,26.01,1.943,9.795,4.275,24.3,32.8,0.85
,21|3,,,28.56,1.961,7.511,3.373,28.44,29.28,0.86
,21|4,,,25.88,4.809,5.752,2.687,28.38,31.4,1.08
,21|5,,,28.31,1.724,5.721,3.197,32.6,26.79,1.64
22,22|1,,,32.59,2.023,4.265,4.137,16.18,39.9,0.89
,22|2,,,33.91,1.839,5.238,3.701,14.74,39.56,0.99
,22|3,,,38.54,1.861,4.124,3.503,16.09,35.03,0.83
,22|4,,,31.81,1.478,4.027,3.713,15.16,43.04,0.75
,22|5,,,31.97,1.894,4.912,4.543,14.1,41.3,1.26
23,23|1,,,31.58,1.225,4.751,1.882,18.91,40.97,0.65
24,24|1,,,32.23,1.79,6.126,2.513,21.3,35.56,0.47
,24|2,,,35.77,2.561,6.141,3.055,17.87,33.76,0.83
,24|3,,,33.43,1.745,6.896,2.4,18.76,35.31,1.44
,24|4,,,34.5,1.931,5.378,3.358,17.47,36.07,1.27
25,25|1,,,30.6,1.978,4.97,4.97,19.05,37.78,0.64
,25|2,,,28.4,2.019,6.388,4.149,18.79,39.23,1
,25|3,,,38.56,1.906,7.111,1.906,19.79,29.61,1.09
,25|4,,,39.3,1.572,5.839,3.425,22.12,26.5,1.23
,25|5,,,32.11,2.408,6.35,3.941,18.46,35.4,1.31
26,26|1,,,31.58,2.051,6.756,4.457,17.58,36.82,0.74
,26|2,,,32.98,1.923,6.176,3.402,18.56,35.72,1.22
,26|3,,,28.39,2.333,6.361,4.481,14.6,42.58,1.52
,26|4,,,34.16,1.993,4.889,3.986,18.96,34.56,1.43
27,27|1,,,30.41,2.749,6.643,4.81,19.35,34.99,1.03
,27|2,,,32.96,1.874,6.487,3.988,18.74,34.26,1.68
,27|3,,,30.36,1.404,6.807,4.213,20.15,36.52,0.54
,27|4,,,28.92,2.699,6.397,3.106,21,36.87,0.99
,27|5,,,30.31,2.25,6.505,3.436,20.37,35.84,1.26
28,28|1,,,32.57,2.342,6.342,3.927,17.54,36.5,0.75
,28|2,,,27.1,1.986,5.298,3.413,16.25,44.67,1.27
,28|3,,,35.03,3.455,5.949,2.93,19.94,31.62,1.04
,28|4,,,33.62,3.683,5.329,3.918,18.65,33.93,0.86
29,29|1,,,32.67,1.476,5.109,4.371,12.66,42.78,0.91
,29|3,,,31.25,1.756,4.061,3.744,10.77,47.52,0.89
,29|4,,,30.01,1.703,4.245,3.921,11.22,48.24,0.64
,29|5,,,31.3,1.498,4.284,4.097,11.91,46.33,0.56
,29|6,,,27.8,1.539,4.087,3.885,11.7,50.11,0.85
,29|7,,,31.57,1.746,4.998,2.848,12.6,45.31,0.91
,29|8,,,33.12,1.508,4.143,3.692,13.19,43.36,0.96
,29|2,,,30.74,1.426,5.309,3.549,9.968,48.28,0.71
30,30|1,,,33.27,2.1,6.564,4.051,16.2,36.75,1.05
,30|3,,,33.02,3.961,5.159,2.962,22.33,31.95,0.59
,30|4,,,32.68,1.791,5.597,3.171,20.26,35.48,1
,30|5,,,33.17,2.028,5.426,3.153,16.89,38.27,1.05
,30|6,,,32.34,2.145,6.275,4.089,17.69,36.15,1.29
,30|2,,,37.5,2.233,5.698,2.81,18.55,32.15,1.03
31,31|1,,,29.22,3.301,7.442,3.185,17.66,38.4,0.78
,31|3,,,36.66,1.833,7.924,3.252,15.13,34.24,0.94
,31|5,,,34.63,2.557,7.3,2.637,18.78,33.14,0.93
,31|7,,,31.34,2.787,6.428,3.031,18.41,37.16,0.83
,31|8,,,37.35,2.478,4.419,2.657,19.16,32.75,1.16
,31|10,,,31.84,2.161,8.536,3.778,16.68,35.99,0.99
,31|2,,,37.84,2.58,6.88,4.169,16.57,30.98,0.96
,31|4,,,27.95,1.773,8.325,3.924,14.11,43.19,0.7
,31|6,,,36.39,2.006,6.508,3.719,16.93,33.49,0.94
,31|9,,,29.09,2.051,6.987,3.815,17.21,40.01,0.82
32,32|1,,,36.31,2.921,5.666,2.216,14.42,37.34,1.1
,32|2,,,34.29,3.582,6.674,3.061,16.5,34.78,1.1
33,33|1,,,34.77,1.461,5.61,4.324,15.19,38.22,0.4
,33|10,,,33.45,1.821,7.254,3.146,17.62,35.54,1.15
,33|11,,,33.7,1.533,5.387,3.89,21.69,32.84,0.93
,33|12,,,31.52,2.166,6.618,3.449,17.08,38.22,0.92
,33|2,,,25.58,1.639,7.832,4.715,12.34,47.02,0.85
,33|3,,,26.76,1.458,6.645,3.43,16.12,44.65,0.91
,33|4,,,34.03,2.135,5.693,3.213,17.66,36.25,1.01
,33|5,,,33.5,1.918,6.394,3.502,19.26,34.44,0.97
,33|6,,,33.47,1.754,6.782,3.792,16.45,37,1.05
,33|7,,,33.38,2.066,7.884,4.322,15.29,36.19,0.85
,33|8,,,36.06,1.536,7.015,4.139,16.63,33.56,1.04
,33|9,,,32.68,1.673,6.441,3.43,17.56,36.75,1.45
34,34|1,,,34.24,1.782,5.802,2.73,17.67,36.82,0.94
,34|2,,,26.81,1.857,6.74,3.589,14.48,45.53,0.98
,34|3,,,33.14,2.561,6.792,3.786,15.83,37,0.87
,34|4,,,30.47,2.413,5.91,3.476,17.89,38.97,1.26
,34|5,,,34.44,2.686,5.186,2.898,19.2,34.52,1.06
,34|6,,,40.38,2.201,5.567,2.285,18.03,30.41,1.12
,34|7,,,34.83,2.972,7.745,2.429,20,31.18,0.82
,34|8,,,29.35,2.322,5.618,3.693,18.82,39.54,0.64
,34|9,,,35.37,1.965,5.621,3.884,17.64,34.46,1.05
35,35|1,,,30.07,1.647,6.711,4.545,14.82,41.42,0.76
,35|2,,,30.65,1.713,7.599,5.292,13.67,41,0.67
,35|3,,,28.32,2.015,6.083,4.6,14.18,43.91,0.87
,35|4,,,26.67,1.563,5.13,4.349,16.07,45.12,1.08
,35|5,,,27.52,1.552,5.733,4.719,16.56,43.04,0.85
,35|6,,,28.28,1.922,5.799,3.942,17.07,42.03,0.94
,35|7,,,34.45,1.971,6.067,4.271,14.83,37.3,1.09
,35|8,,,26.69,1.66,6.981,4.401,12.94,46.38,0.92
36,36|1,,,35.73,1.968,6.145,3.162,18.97,32.99,1.01
,36|2,,,31.35,2.048,5.829,2.783,22.53,34.71,0.73
37,37|1,,,30.43,1.832,6.89,4.265,14.24,41.42,0.9
,37|2,,,30.56,1.88,7.202,3.983,19.24,35.97,1.14
,37|3,,,32.14,1.556,6.803,3.459,19.77,35.42,0.83
,37|4,,,28.53,1.445,5.646,3.027,26.05,34.34,0.95
,37|5,,,32.46,1.907,6.369,3.912,20.33,33.97,1.03
38,38|1,,,31.97,1.76,7.932,4.573,13.01,39.76,0.99
,38|10,,,32.65,1.587,6.235,3.514,18.32,36.81,0.86
,38|2,,,33.26,2.354,7.421,3.815,17.46,34.66,1.01
,38|3,,,29.32,1.716,6.13,3.58,16.5,41.73,1
,38|4,,,34.25,2.074,6.814,4.237,15.43,35.94,1.24
,38|5,,,31.69,1.631,7.036,4.181,17.13,37.52,0.79
,38|6,,,29.3,2.719,6.381,4.162,19.81,36.12,1.49
,38|7,,,33.62,2.192,6.03,3.563,18.36,35.03,1.18
,38|8,,,31.63,1.583,7.876,4.023,19.22,34.84,0.81
,38|9,,,29.27,2.411,6.824,4.123,18.08,38.55,0.72
39,39|1,,,26.01,1.369,5.819,2.836,32.51,30.51,0.92
,39|2,,,25.98,2.035,6.706,3.832,21.19,37.36,2.87
,39|3,,,28.64,1.531,5.672,3.062,27.73,32.21,1.13
40,40|1,,,30.8,1.331,7.047,2.364,15.01,42.53,1.05
,40|2,,,34.05,1.577,6.503,3.193,15.3,39.15,1.03
,40|3,,,30.97,1.963,5.467,1.91,14.67,44.1,0.9
41,41|1,,,32.16,2.588,4.789,4.142,15.33,39.93,1.03
,41|2,,,31.84,2.72,6.32,3.92,18.16,35.68,1.36
,41|3,,,32.97,1.547,5.714,5.119,17.26,36.66,0.71
42,42|1,,,29.66,2.107,5.703,3.037,15.74,43.02,0.71
,42|2,,,30.36,2.182,6.109,3.304,16.77,40.71,0.56
,42|3,,,33.01,2.234,6.383,3.328,20.15,34.06,0.82
,42|4,,,32.2,2.163,5.451,3.079,21.55,35.74,0.66
,42|5,,,30.47,1.425,5.951,3.599,23.44,34.21,0.89
,42|6,,,29.77,1.571,5.097,3.653,19.58,39.2,1.1
43,43|1,,,28.75,1.772,4.875,4.432,19.61,39.5,1.05
,43|2,,,35.32,1.77,5.032,2.702,18.91,35.5,0.74
44,44|1,,,28.65,0.921,5.741,18.19,13.01,32.71,0.76
,44|10,,,27.79,1.285,7.12,8.875,14.71,39.07,1.14
,44|2,,,22.5,1.234,7.304,9.774,12.59,45.97,0.61
,44|3,,,23.7,1.443,7.46,9.319,13.99,43.22,0.85
,44|4,,,25.37,1.452,7.097,7.618,14.2,43.39,0.84
,44|5,,,28.01,1.536,6.797,9.485,14.65,38.55,0.96
,44|6,,,27.58,1.437,6.128,8.069,15.9,40,0.86
,44|7,,,33.23,1.584,5.646,5.77,17.97,34.96,0.81
,44|8,,,30.73,1.583,5.756,5.345,17.1,38.56,0.9
,44|9,,,25.72,1.349,5.501,7.437,16.45,42.71,0.81
45,45|1,,,36.42,1.479,7.777,4.156,16.05,33.15,0.94
,45|2,,,35.68,2.4,6.266,4.355,17.51,32.8,0.97
,45|3,,,35.41,2.006,6.323,3.358,19.66,32.14,1.09
,45|4,,,34.95,1.873,6.03,2.224,21.01,32.55,1.34
,45|5,,,36.08,2.409,5.516,3.868,18.57,32.59,0.95
,45|6,,,30.3,2.135,8.321,3.996,16.34,37.85,1.04
46,46|1,,,34.36,4.01,6.294,3.401,16.7,34.16,1.06
,46|2,,,35.82,4.705,5.314,3.367,15.82,33.79,1.17
47,47|1,,,33.58,3,6.411,3.47,16.76,36.05,0.7
,47|2,,,37.6,2.847,7.118,2.01,18.92,30.73,0.75
,47|3,,,35.15,2.411,6.818,3.107,17.3,34.41,0.78
48,48|1,,,36.07,2.88,4.39,3.116,15.91,36.68,0.94
49,49|1,,,29.99,1.497,7.832,5.137,14.05,40.38,1.1
,49|2,,,32.54,1.509,6.582,4.8,14.16,39.52,0.87
,49|3,,,34.52,2.402,6.815,4.078,16.14,35.13,0.89
,49|4,,,29.79,1.611,6.567,4,16.65,40.41,0.95
,49|5,,,38.03,1.323,6.615,3.914,16.86,32.52,0.71
,49|6,,,30.65,1.72,6.881,6.506,14.67,38.97,0.71
,49|7,,,32.77,1.673,6.584,4.547,16,37.32,1.09
50,50|1,,,31.62,1.549,5.895,3.614,19.32,37,0.98
,50|2,,,31.09,1.792,5.786,4.197,17.52,38.83,0.77
,50|3,,,29.75,1.742,5.364,3.209,19.25,39.24,1.42
,50|4,,,30.42,1.922,6.742,2.312,19.16,38.72,0.69
51,51|1,,,30.68,2.078,5.745,1.833,19.07,39.24,1.34
,51|2,,,27.26,1.958,8.734,3.603,18.25,39.28,0.9
,51|3,,,31.41,2.506,7.093,3.946,19.84,33.92,1.28
,51|4,,,36.08,1.581,6.524,3.954,20.66,30.3,0.88
,51|5,,,39.77,2.119,6.109,3.491,19.07,27.43,1.99
52,52|1,,,32.09,1.947,6.435,3.556,21.84,33.44,0.67
,52|2,,,32.78,2.255,5.112,3.609,23.6,31.72,0.9
53,53|1,,,35.12,2.344,7.77,4.965,15.86,32.87,1.05
,53|2,,,33.27,1.698,5.531,5.182,14.85,38.45,1
,53|3,,,32.35,1.985,5.735,5.514,16.25,37.2,0.95
54,54|1,,,27.19,1.338,6.858,3.211,15.55,44.19,1.63
,54|2,,,31.13,1.868,6.944,4.065,15.55,39.57,0.85
,54|3,,,34.87,1.055,5.685,1.641,21.98,33.41,1.34
,54|4,,,32.36,2.037,4.597,2.985,19.57,37.58,0.85
,54|5,,,34.32,1.975,5.24,3.264,17.99,35.86,1.33
,54|6,,,31.53,1.452,5.726,2.564,21.75,35.64,1.32
55,55|1,,,38.06,1.979,6.73,4.015,16.45,30.76,1.97
,55|2,,,42.56,1.763,3.862,3.106,15.19,32.4,1.25
56,56|1,,,37.16,1.691,5.969,4.38,13.34,36.3,1.14
,56|2,,,31.58,1.348,5.703,4.664,13.79,41.72,1.18
,56|3,,,34.88,1.803,4.839,4.751,14.6,38.23,0.87
,56|4,,,29.44,1.708,3.925,4.107,18.39,41.25,1.16
,56|5,,,36,1.669,5.193,4.498,13.77,37.88,0.97
,56|6,,,34.55,1.813,4.722,4.261,14.1,39.47,1.06
57,57|1,,,31.42,0.904,5.666,2.761,28.14,30.04,1.04
,57|2,,,32.29,1.159,6.043,4.029,22.16,32.96,1.34
,57|3,,,30.63,1.92,7.714,3.45,18.16,36.65,1.46
,57|4,,,32.81,1.119,9.294,2.687,17.13,35.16,1.79
,57|5,,,36.23,1.032,6.422,4.357,19.38,32.22,0.34
,57|6,,,33.66,1.782,5.445,2.079,16.33,39.7,0.99
,57|7,,,34,1.789,6.413,2.982,20.8,33.25,0.74
,57|8,,,32.6,1.699,4.514,1.646,29.63,29.2,0.69
,57|9,,,33.19,1.578,5.549,3.105,23.77,31.77,1.01
58,58|1,,,32.32,1.297,4.818,3.002,30.28,27.27,1
,58|2,,,25.49,1.622,4.193,1.989,41.59,24.3,0.79
59,59|1,,,22.1,1.6,7.076,4.043,14.91,49,1.26
,59|10,,,34.64,1.109,5.425,3.329,16.15,38.71,0.61
,59|11,,,25.52,1.752,6.786,3.235,15.01,46.78,0.89
,59|12,,,35.1,0.973,5.688,1.796,19.83,36.22,0.37
,59|13,,,31.91,2.279,5.243,2.599,19.65,36.89,1.41
,59|14,,,35.66,3.068,4.867,2.539,21.79,31.42,0.63
,59|15,,,32.19,2.677,5.915,3.3,16.62,37.17,2.11
,59|16,,,29,2,4.466,2.133,17.53,44.13,0.73
,59|17,,,32.15,1.232,6.61,4.201,18.48,36.41,0.89
,59|18,,,38.65,1.561,4.866,2.846,19,32.5,0.55
,59|19,,,29.16,1.602,11.65,1.356,18.37,36.8,1.04
,59|2,,,23.32,1.848,7.967,3.421,15.7,46.5,1.22
,59|20,,,34.84,2.206,5.342,2.439,16.72,36.23,2.2
,59|21,,,33.8,1.822,5.633,3.479,18.8,35.45,0.99
,59|3,,,38.58,1.736,5.645,2.233,19.91,31.07,0.8
,59|4,,,25.88,1.683,7.026,4.034,15.2,45.12,1.04
,59|5,,,29.65,1.603,7.251,4.732,16.52,39.46,0.76
,59|6,,,34.06,1.653,6.805,3.767,16.37,36.21,1.11
,59|7,,,27.68,1.533,7.158,3.14,18.33,40.83,1.31
,59|8,,,36.24,2.314,5.621,1.917,21.36,31.21,1.32
,59|9,,,30.16,1.959,5.975,3.68,14.57,42.73,0.9
60,60|1,,,28.54,2.816,6.197,1.877,19.34,40.56,0.65
,60|2,,,28.28,2.693,6.896,3.34,18.85,39.43,0.48
,60|3,,,31.08,2.416,7.333,2.166,19.25,36.83,0.91
,60|4,,,33.51,1.737,6.703,5.213,18.37,33.76,0.69
,60|5,,,35.07,1.679,6.422,3.754,19.16,32.8,1.08
,60|6,,,31.9,2.505,3.452,3.563,19.32,38.36,0.89
,60|7,,,30.16,2.236,7.622,2.601,22.5,33.77,1.09
61,61|1,,,31.12,1.724,8.267,4.553,17.37,35.49,1.45
,61|2,,,31.65,3.173,6.916,4.719,15.21,36.61,1.7
,61|3,,,36.42,1.919,7.5,3.794,16.83,32.81,0.71
62,62|1,,,40.27,1.907,3.595,2.567,18.19,32.64,0.8
,62|10,,,32.88,1.511,3.439,1.302,17.3,42.52,1.04
,62|11,,,29.23,2.396,5.91,1.437,22.28,36.9,1.83
,62|12,,,39.4,3.48,5.593,2.796,16.46,30.76,1.49
,62|2,,,34.4,1.474,5.896,2.986,17.72,36.77,0.73
,62|3,,,40.88,3.477,5.169,1.597,17.01,30.63,1.22
,62|4,,,34.45,2.046,6.138,2.31,15.31,38.54,1.18
,62|5,,,32.39,2.811,7.452,2.989,21.01,31.81,1.51
,62|6,,,34.77,1.741,7.022,2.696,22.58,29.83,1.34
,62|7,,,32.27,1.836,7.909,1.977,21.75,33.12,1.12
,62|8,,,37.77,1.609,5.51,2.848,16.65,34.61,0.99
,62|9,,,30.93,3.477,3.237,2.158,17.02,42.44,0.71
63,63|1,,,33.78,2.877,5.044,2.742,17.53,37.03,0.98
,63|2,,,32.67,1.922,6.657,2.672,18.23,37.27,0.56
,63|3,,,30.74,1.925,6.704,3.53,17.15,39.05,0.89
,63|4,,,31.07,1.735,7.039,2.39,20.79,36.24,0.72
,63|5,,,31.68,1.826,5.963,2.981,19.56,36.97,1
64,64|1,,,35.96,1.737,6.301,3.235,16.21,35.72,0.81
,64|2,,,35.01,1.416,6.32,3.559,16.34,36.61,0.72
,64|3,,,38.78,1.972,4.628,3.122,18.04,32.73,0.71
,64|4,,,32.77,2.622,4.792,3.074,15.05,40.55,1.13
,64|5,,,31.33,1.455,8.299,3.341,13.68,40.82,1.05
,64|6,,,32.54,2.488,8.283,2.823,13.37,39.67,0.81
65,65|1,,,37.79,3.215,6.158,2.844,16.25,32.47,1.26
,65|2,,,37.82,3.359,6.065,3.39,16.11,32.22,1.02
66,66|1,,,41.01,1.567,3.966,2.687,17.01,32.82,0.99
,66|2,,,42.88,1.982,4.743,2.566,17.14,29.78,0.89
,66|3,,,40.63,2.42,3.561,2.374,14.29,35.7,1
,66|4,,,44.4,2.587,4.364,2.404,15.89,29.32,1.01
67,67|1,,,29.79,1.504,9.097,4.333,13.53,43.15,1.21
,67|2,,,30.67,2.083,9.462,4.141,13.57,38.88,1.17
,67|3,,,30.29,1.889,8.06,4.391,16.17,37.63,1.55
,67|4,,,36.54,2.788,7.827,5.528,14.72,31.16,1.41
,67|5,,,29.42,2.934,7.674,5.267,17.68,34.83,2.18
,67|6,,,30.39,3.134,9.329,6.195,16.1,32.79,2.04
,67|7,,,32.39,1.966,5.617,5.805,19.28,32.67,2.24
,67|8,,,37.98,3.669,8.44,6.055,15.41,26.42,2.01
,67|9,,,30.85,2.958,10.65,5.663,19.1,29.67,1.09
68,68|1,,,33.62,2.593,7.588,6.532,17.77,30.16,1.72
,68|2,,,31.07,1.731,8.326,7.831,13.84,35.61,1.56
,68|3,,,32.08,3.233,7.462,6.343,18.78,29.22,2.86
,68|4,,,35.33,2.046,7.639,4.365,17.59,31.65,1.36
,68|5,,,32.27,1.989,9.222,4.611,16.9,33.99,0.99
,68|6,,,32.11,2.723,7.699,5.164,19.71,30.61,1.97
69,69|1,,,28.87,2.151,6.379,4.756,16.42,40.39,1.01
,69|10,,,30.36,1.665,6.627,5.354,18.93,36.14,0.91
,69|11,,,31.49,1.622,5.833,3.552,19.38,36.84,1.27
,69|12,,,31.4,1.934,8.136,4.751,18.54,33.99,1.22
,69|13,,,34.47,1.521,7.187,3.41,19.93,32.84,0.62
,69|14,,,30.54,1.705,7.229,2.721,23.67,33.26,0.85
,69|2,,,22.8,1.887,7.882,4.218,14.46,47.73,0.99
,69|3,,,23.79,2.05,8.507,4.243,15.59,44.6,1.19
,69|4,,,29.51,2.052,8.418,5.261,16.75,37.17,0.81
,69|5,,,31.94,1.974,7.707,4.649,17.19,35.19,1.33
,69|6,,,28.7,1.55,6.575,3.8,20.22,38.15,1
,69|7,,,31.48,2.185,6.725,3.783,20.8,34.21,0.79
,69|8,,,29.11,1.763,7.365,3.769,18.46,38.38,1.14
,69|9,,,27.46,1.492,5.543,4.179,21.27,38.89,1.15
70,70|1,,,36.99,3.082,5.658,3.8,21.19,27.61,1.64
,70|2,,,36.17,2.923,4.905,3.419,22.34,29.03,1.18
71,71|1,,,18.34,1.754,3.907,3.189,44.49,27.07,1.23
,71|2,,,16.93,1.338,3.882,1.271,58.23,17.73,0.6
,71|3,,,17.52,0.893,4.467,1.786,56.49,18.17,0.65
,71|4,,,9.319,1.102,2.581,1.322,70.78,14.13,0.75
,71|5,,,16.68,0.939,4.038,1.314,57.85,18.75,0.4
72,72|1,,,31.39,1.896,8.52,4.114,16.28,36.65,1.13
,72|2,,,37.65,2.145,6.923,3.4,16.68,32.1,1.09
,72|3,,,33.12,2.08,5.838,4.624,18.67,34.73,0.92
,72|4,,,32.5,1.569,6.605,3.727,19.16,35.05,1.37
,72|5,,,36.09,2.103,7.191,4.85,16.75,31.85,1.15
73,73|1,,,31.78,2.147,6.37,4.295,17.8,36.18,1.41
,73|2,,,34.36,1.576,5.485,4.098,17.71,35.62,1.13
,73|3,,,31.91,1.738,6.25,4.387,20.11,34.18,1.4
,73|4,,,32.52,2.191,6.151,4.466,16.12,37.1,1.43
74,74|1,,,31.14,1.955,6.236,5.166,16.16,38.08,1.25
,74|2,,,31.23,1.796,7.099,4.694,15.87,38.27,1.01
,74|3,,,25.83,1.386,6.805,4.473,16,44.29,1.19
,74|4,,,30.3,2.367,7.528,3.598,19.41,35.51,1.27
,74|5,,,29.38,2.543,7.084,4.904,14.98,40.09,0.99
,74|6,,,30.09,1.813,7.615,4.533,18.04,37.17,0.72
75,75|1,,,32.54,1.774,10.71,5.508,10.53,37.98,0.93
,75|11,,,38.72,1.859,12.85,4.931,10.42,29.26,1.94
,75|12,,,32.12,1.638,10.39,5.012,13.6,36.44,0.79
,75|13,,,29.88,1.811,10.08,4.59,13.32,39.37,0.92
,75|14,,,43.76,2.242,10.27,4.717,11.85,26.03,1.1
,75|15,,,23.26,1.484,8.92,3.874,12.94,48.51,1
,75|16,,,24.49,1.614,8.589,4.248,13.59,46.66,0.79
,75|17,,,21.74,1.648,7.452,3.703,14.25,50.06,1.12
,75|18,,,23.37,1.243,9.592,4.45,13.19,47.14,0.99
,75|2,,,35.96,1.99,12.43,5.107,12.32,30.97,1.2
,75|3,,,30.84,1.783,8.764,4.913,13.12,39.87,0.68
,75|4,,,42.63,2.222,10.34,4.513,11.18,27.63,1.45
,75|5,,,24.72,1.479,11.51,4.776,10.85,45.5,1.14
,75|6,,,18.39,1.418,8.377,3.679,11.61,55.31,1.19
,75|7,,,26.26,1.691,10.49,5.477,13.3,41.77,1.01
,75|8,,,28.59,1.639,10.17,4.546,13.34,40.78,0.91
,75|9,,,28.34,1.807,10.44,4.581,14.47,39.55,0.79
76,76|1,,,27.41,1.62,8.157,4.051,14.12,43.7,0.91
,76|10,,,30.36,2.373,6.135,3.448,18.13,38.19,1.34
,76|2,,,32.69,1.753,7.892,3.864,16.19,36.28,1.31
,76|3,,,29.31,1.497,7.113,2.47,17.67,41.07,0.86
,76|4,,,32.68,2.131,10.01,2.552,19.5,31.94,1.23
,76|5,,,30.43,2.551,6.732,2.582,20.53,36.3,0.86
,76|6,,,35.58,1.709,6.747,3.598,17.72,33.73,0.89
,76|7,,,28.55,1.96,7.951,3.587,19.11,37.61,1.22
,76|8,,,29.45,1.396,5.718,3.125,20.94,37.69,1.66
,76|9,,,27.58,1.809,5.834,2.939,19.99,40.47,1.35
77,77|1,,,33.17,1.552,7.435,4,21.36,31.48,0.98
,77|10,,,32.76,1.612,7.416,2.999,19.96,33.73,1.51
,77|11,,,36.59,2.1,7.189,3.675,20.43,29.03,0.96
,77|2,,,30.16,1.689,7.074,5.068,19.07,35.86,1.05
,77|3,,,30.54,0.992,7.624,2.663,19.26,37.75,1.14
,77|4,,,28.5,1.68,6.092,3.571,21.7,37.32,1.12
,77|5,,,29.3,1.496,6.295,3.25,19.6,39,1.03
,77|6,,,29.25,1.008,7.062,3.56,21.83,36.61,0.65
,77|7,,,30.98,1.781,6.329,3.703,20.67,35.34,1.17
,77|8,,,29.69,1.572,8.168,3.417,19.17,36.87,1.09
,77|9,,,32.15,1.708,7.441,4.138,21.48,32.15,0.91
78,78|1,,,29.44,2.034,7.045,4.366,15.6,40.95,0.54
,78|10,,,31.27,1.459,6.695,4.12,17.56,38.14,0.74
,78|11,,,22.07,1.353,4.502,2.55,13.38,55.51,0.62
,78|12,,,31.17,1.556,7.672,4.41,16.56,37.5,1.11
,78|2,,,32.68,1.826,8.828,5.544,14.8,35.09,1.21
,78|3,,,35.74,1.658,8.294,4.458,15.47,33.61,0.75
,78|4,,,30.91,2.098,8.983,5.323,15.66,36.11,0.89
,78|5,,,33.76,2.227,8.722,4.392,16.22,33.69,0.97
,78|6,,,31.65,1.864,9.246,5.928,16.59,33.81,0.89
,78|7,,,33.5,1.616,7.407,4.309,15.65,36.39,1.11
,78|8,,,31.28,1.372,6.586,3.128,20.74,36.05,0.82
,78|9,,,28,4.79,6.452,3.916,16.9,39.22,0.7
79,79|1,,,33.3,1.799,6.615,3.472,16.24,37.69,0.86
,79|2,,,29.84,1.853,6.517,3.258,16.99,40.7,0.83
,79|3,,,34.52,1.389,5.825,3.42,18.81,34.95,1.06
80,80|1,,,31.27,1.213,7.745,3.063,18.43,37.63,0.63
,80|2,,,24.18,1.48,10.56,4.985,15.05,43.23,0.49
,80|3,,,29.07,1.491,20.22,1.957,20.13,26.09,1.02
,80|4,,,41.47,1.189,7.932,2.776,14.95,30.99,0.67
,80|5,,,28.74,1.301,8.134,1.409,22.55,36.55,1.3
81,81|1,,,36.11,2.386,7.12,2.856,15.37,35.21,0.93
,81|2,,,34.97,2.687,6.981,2.359,15.37,36.67,0.95
,81|3,,,35.42,2.822,5.839,2.59,15.11,36.77,1.43
82,82|1,,,31.85,5.261,8.187,3.311,15.78,35.03,0.56
,82|2,,,29.61,18.41,5.91,2.541,15.76,26.64,1.11
83,83|1,,,36.18,2.232,6.853,4.465,15.62,33.85,0.88
,83|2,,,34.42,1.315,7.526,3.105,18.89,33.21,1.52
,83|3,,,37.12,2.355,7.028,3.289,18.2,30.57,1.42
,83|4,,,36.01,2.022,7.078,3.82,19.6,30.5,0.95
,83|5,,,36.89,1.834,6.462,3.668,20.13,30.17,0.82
,83|6,,,32.39,1.343,6.547,3.618,21.7,33.32,1.06
,83|7,,,35,1.441,5.446,2.963,20.3,33.48,1.36
,83|8,,,33.73,2.108,5.17,3.012,17.82,37.09,1.05
84,84|1,,,31.29,2.168,6.971,3.446,17.38,37.68,1.04
,84|2,,,29.55,1.874,6.625,3.4,19.09,37.96,1.48
,84|3,,,33.73,2.415,7.487,3.381,17.71,34.29,0.96
,84|4,,,34.03,2.897,7.17,3.634,19.49,31.63,1.12
,84|5,,,33.01,2.813,7.516,3.56,15.95,35.73,1.4
85,85|1,,,34.49,1.718,6.684,4.163,15.54,36.82,0.57
,85|2,,,36.89,1.884,6.439,4.527,15.32,33.99,0.92
,85|3,,,36.55,1.938,5.254,4.636,18.88,31.69,1.03
,85|4,,,32.37,1.17,5.503,4.742,13.11,42.09,0.99
,85|5,,,41.13,2.18,5.717,3.619,16.57,29.82,0.94
86,86|1,,,31.94,1.551,7.607,4.504,19.56,33.68,1.13
,86|2,,,28.6,1.989,8.02,4.858,16.79,38.86,0.85
,86|3,,,31.79,2.173,6.358,3.75,20.21,34.67,1.03
,86|4,,,30.52,1.939,7.313,6.371,21.77,31.02,1.05
87,87|1,,,42.48,2.29,5.414,2.582,18.82,27.53,0.87
,87|2,,,36.69,1.532,5.328,2.708,17.46,35.25,1.01
,87|3,,,38.44,1.478,5.143,3.246,19.25,31.53,0.9
88,88|1,,,30.69,2.468,6.265,3.924,19.05,36.7,0.88
,88|2,,,35.16,2.484,5.798,3.012,19.8,32.75,0.97
,88|3,,,32.81,2.417,6.303,3.022,19.08,35.06,1.29
,88|4,,,38.29,2.404,5.52,3.116,19.05,29.91,1.69
89,89|1,,,32.25,2,6.765,3.716,21.58,31.91,1.76
,89|2,,,30.81,1.482,7.332,4.212,23.01,31.27,1.87
,89|3,,,26.19,1.597,8.626,2.396,19.16,41.21,0.79
90,90|1,,,33.1,2.435,5.327,3.348,20.31,34.62,0.83
,90|2,,,32.44,2.844,4.711,3.111,20.97,35.37,0.53
91,91|1,,,54.62,1.424,3.361,2.667,12.67,24.07,1.16
,91|10,,,36.29,1.76,4.614,3.377,25.21,27.87,0.85
,91|2,,,35.18,1.188,6.34,4.447,18.14,33.68,1.01
,91|3,,,31.4,1.852,5.558,3.056,17.87,39.04,1.2
,91|4,,,31.72,1.815,8.042,3.797,19.51,34.01,1.08
,91|5,,,30.93,1.726,9.288,4.257,16.07,36.61,1.1
,91|6,,,29.61,1.546,7.469,3.867,16.28,40.06,1.14
,91|7,,,35.07,1.618,5.568,2.808,19.8,33.98,1.14
,91|8,,,33.83,1.765,7.094,4.044,18.87,33.54,0.83
,91|9,,,37.59,1.129,5.341,3.338,22.7,28.86,1.02
92,92|1,,,26.99,1.292,6.506,3.922,19.88,40.05,1.33
,92|10,,,31.73,1.828,9.712,5.127,14.49,36.08,1.02
,92|11,,,26.38,1.618,9.569,4.41,15.21,41.93,0.86
,92|12,,,30.66,2.129,8.179,4.542,16.58,36.97,0.92
,92|13,,,33.43,1.826,8.82,5.532,14.83,34.55,0.99
,92|2,,,29.59,2.169,9.632,5.235,15.62,36.7,1.04
,92|3,,,33.5,1.8,9.305,4.956,15.96,33.22,1.23
,92|4,,,28.72,1.864,8.156,4.252,19.02,36.99,0.99
,92|5,,,30.62,1.492,8.519,4.322,17,37.06,0.96
,92|6,,,41.48,1.945,8.414,4.863,14.73,27.38,1.16
,92|7,,,37.56,1.752,9.307,6.114,13.14,31.11,1
,92|8,,,34.48,2.646,8.323,4.833,14.19,34.67,0.84
,92|9,,,39.95,0.962,11.43,4.244,12.79,30.05,0.56
93,93|1,,,26.04,1.711,7.403,2.38,18.41,42.78,1.26
,93|10,,,27.28,3.159,5.799,2.156,21.37,39.47,0.74
,93|11,,,30.46,2.075,5.93,3.854,25.72,31.06,0.88
,93|12,,,30.88,1.13,6.372,3.956,22.55,34.06,1.02
,93|2,,,25.79,1.758,4.69,2.428,16.7,47.9,0.71
,93|3,,,31.22,2.225,6.708,4.231,19.18,35.36,1.06
,93|4,,,25.74,2.252,5.276,1.158,22.2,42.34,1.02
,93|5,,,26.51,1.724,5.911,1.806,24.13,38.99,0.9
,93|6,,,26.08,1.814,6.227,3.096,18.57,42.84,1.35
,93|7,,,18.76,1.475,7.339,3.277,14.81,53.27,1.05
,93|8,,,28.49,1.601,8.005,3.568,18.38,38.79,1.14
,93|9,,,25.25,1.514,6.888,3.179,18.14,43.85,1.16
94,94|1,,,33.06,1.555,7.543,4.052,19.22,33.25,1.3
,94|10,,,24.87,1.465,9.462,3.724,16.78,42.67,1
,94|11,,,25.25,1.836,9.13,3.889,18.58,40.43,0.86
,94|2,,,28.86,2.026,7.756,3.004,21.59,35.29,1.46
,94|3,,,30.34,2.773,6.606,3.221,24.46,31.93,0.65
,94|4,,,33.28,2.653,6.785,3.795,18.23,34.46,1.2
,94|5,,,33.09,1.738,8.243,5.515,17.02,33.6,0.95
,94|6,,,34.79,1.64,8.305,5.456,13.12,35.71,0.96
,94|7,,,32.15,1.955,7.61,3.361,18.49,35.94,0.48
,94|8,,,34.06,1.911,7.718,3.871,16.24,35.23,0.98
,94|9,,,36.41,1.852,6,2.735,18.32,33.85,1.23
95,95|1,,,30.17,1.77,8.52,4.094,18.73,35.52,1.18
,95|10,,,31.45,1.938,7.242,3.502,19.68,35.32,0.85
,95|2,,,32.09,1.79,8.706,3.58,17.94,34.98,0.89
,95|3,,,31.3,1.734,7.054,4.144,19.72,35.06,0.97
,95|4,,,32.22,1.714,7.269,3.936,18.57,35.36,0.95
,95|5,,,29.83,1.378,6.136,2.445,24.49,34.54,1.15
,95|6,,,34.07,2.006,8.063,4.124,19.13,31.99,0.63
,95|7,,,34.85,1.759,8.033,3.251,18.66,32.55,0.87
,95|8,,,37.6,1.832,4.532,2.603,24.59,27.96,0.86
,95|9,,,32.16,1.329,5.635,2.339,30.83,26.68,1.01
