Dept,Circo,SUM of Manuel Valls,SUM of Sylvia Pinel,SUM of Vincent Peillon,SUM of François de Rugy,SUM of Arnaud Montebourg,SUM of Benoit Hamon,SUM of Jean-Luc Bennahmias,SUM of Blanc,SUM of Nul,SUM of Total des votes exprimés,% M VALLS,% S PINEL,% V PEILLON,% F DE RUGY,% A MONTEBOURG,% B HAMON,% JL BENNHAMIAS
1,1 - 4,783,70,191,95,748,830,36,19,17,2753,28.44,2.54,6.94,3.45,27.17,30.15,1.31
,1 - 5,365,36,66,45,249,462,8,5,10,1231,29.65,2.92,5.36,3.66,20.23,37.53,0.65
,1 - 3,586,50,157,82,463,834,31,17,12,2203,26.60,2.27,7.13,3.72,21.02,37.86,1.41
,1 - 1,768,64,139,80,654,683,14,8,14,2402,31.97,2.66,5.79,3.33,27.23,28.43,0.58
,1 - 2,776,44,165,110,538,965,25,21,15,2623,29.58,1.68,6.29,4.19,20.51,36.79,0.95
2,2 - 3,333,18,221,23,210,270,6,6,11,1081,30.80,1.67,20.44,2.13,19.43,24.98,0.56
,2 - 1,446,24,78,36,261,393,9,8,8,1247,35.77,1.92,6.26,2.89,20.93,31.52,0.72
,2 - 2,323,7,78,38,186,376,14,5,4,1022,31.60,0.68,7.63,3.72,18.20,36.79,1.37
,2 - 4,502,33,100,34,269,414,10,3,10,1362,36.86,2.42,7.34,2.50,19.75,30.40,0.73
,2 - 5,374,43,96,33,235,456,15,9,7,1252,29.87,3.43,7.67,2.64,18.77,36.42,1.20
3,3 - 3,618,77,89,67,389,586,16,12,15,1842,33.55,4.18,4.83,3.64,21.12,31.81,0.87
,3 - 1,572,23,74,67,483,635,18,11,9,1872,30.56,1.23,3.95,3.58,25.80,33.92,0.96
,3 - 2,603,52,92,59,427,495,16,13,12,1744,34.58,2.98,5.28,3.38,24.48,28.38,0.92
4,4 - 1,660,66,134,67,385,751,36,20,12,2099,31.44,3.14,6.38,3.19,18.34,35.78,1.72
,4 - 2,610,68,106,101,363,950,22,22,23,2220,27.48,3.06,4.77,4.55,16.35,42.79,0.99
5,5 - 2,323,42,70,41,179,479,9,6,6,1143,28.26,3.67,6.12,3.59,15.66,41.91,0.79
,5 - 1,571,54,137,75,354,754,25,7,14,1970,28.98,2.74,6.95,3.81,17.97,38.27,1.27
6,6 - 7,923,61,194,140,541,1025,32,19,12,2916,31.65,2.09,6.65,4.80,18.55,35.15,1.10
,6 - 4,415,25,96,45,235,386,23,6,6,1225,33.88,2.04,7.84,3.67,19.18,31.51,1.88
,6 - 6,537,28,93,54,240,421,15,8,5,1388,38.69,2.02,6.70,3.89,17.29,30.33,1.08
,6 - 8,500,30,90,46,285,460,26,5,6,1437,34.79,2.09,6.26,3.20,19.83,32.01,1.81
,6 - 2,539,38,125,71,295,547,26,8,6,1641,32.85,2.32,7.62,4.33,17.98,33.33,1.58
,6 - 9,627,37,145,87,340,672,22,15,8,1930,32.49,1.92,7.51,4.51,17.62,34.82,1.14
,6 - 3,613,37,124,62,306,591,21,8,4,1754,34.95,2.11,7.07,3.53,17.45,33.69,1.20
,6 - 1,1196,52,236,127,506,1072,30,21,8,3219,37.15,1.62,7.33,3.95,15.72,33.30,0.93
,6 - 5,451,18,85,41,205,317,9,4,7,1126,40.05,1.60,7.55,3.64,18.21,28.15,0.80
7,7 - 3,765,51,130,89,346,1012,28,23,17,2421,31.60,2.11,5.37,3.68,14.29,41.80,1.16
,7 - 1,613,39,97,49,261,657,19,13,11,1735,35.33,2.25,5.59,2.82,15.04,37.87,1.10
,7 - 2,570,31,80,72,294,673,21,7,6,1741,32.74,1.78,4.60,4.14,16.89,38.66,1.21
8,8 - 2,565,21,106,44,458,626,15,10,21,1835,30.79,1.14,5.78,2.40,24.96,34.11,0.82
,8 - 1,445,17,63,22,268,383,9,7,8,1207,36.87,1.41,5.22,1.82,22.20,31.73,0.75
,8 - 3,364,16,46,28,260,297,11,4,10,1022,35.62,1.57,4.50,2.74,25.44,29.06,1.08
9,9 - 1,1291,96,231,75,506,1000,50,67,24,3249,39.74,2.95,7.11,2.31,15.57,30.78,1.54
,9 - 2,1059,73,200,54,456,806,27,34,11,2675,39.59,2.73,7.48,2.02,17.05,30.13,1.01
10,10 - 2,489,19,94,54,315,469,22,14,16,1462,33.45,1.30,6.43,3.69,21.55,32.08,1.50
,10 - 1,347,19,85,37,208,326,22,4,4,1044,33.24,1.82,8.14,3.54,19.92,31.23,2.11
,10 - 3,430,28,74,32,276,443,21,6,10,1304,32.98,2.15,5.67,2.45,21.17,33.97,1.61
11,11 - 3,2047,138,233,100,723,1305,68,40,49,4614,44.36,2.99,5.05,2.17,15.67,28.28,1.47
,11 - 1,2202,129,319,117,825,1567,46,32,52,5205,42.31,2.48,6.13,2.25,15.85,30.11,0.88
,11 - 2,1410,213,259,81,531,1007,24,17,27,3525,40.00,6.04,7.35,2.30,15.06,28.57,0.68
12,12 - 1,1113,93,172,103,566,1155,24,17,22,3226,34.50,2.88,5.33,3.19,17.54,35.80,0.74
,12 - 3,579,53,78,56,285,701,19,9,10,1771,32.69,2.99,4.40,3.16,16.09,39.58,1.07
,12 - 2,965,120,188,75,439,963,31,17,22,2781,34.70,4.31,6.76,2.70,15.79,34.63,1.11
13,13 - 1,478,24,108,33,252,469,19,10,3,1383,34.56,1.74,7.81,2.39,18.22,33.91,1.37
,13 - 3,697,17,116,35,286,488,15,3,8,1654,42.14,1.03,7.01,2.12,17.29,29.50,0.91
,13 - 7,272,11,71,11,252,441,12,7,9,1070,25.42,1.03,6.64,1.03,23.55,41.21,1.12
,13 - 11,1350,86,286,157,734,1434,53,20,23,4100,32.93,2.10,6.98,3.83,17.90,34.98,1.29
,13 - 4,490,117,338,67,365,973,25,23,16,2375,20.63,4.93,14.23,2.82,15.37,40.97,1.05
,13 - 13,416,19,58,34,263,303,9,9,9,1102,37.75,1.72,5.26,3.09,23.87,27.50,0.82
,13 - 5,906,59,289,120,532,1619,64,17,12,3589,25.24,1.64,8.05,3.34,14.82,45.11,1.78
,13 - 12,605,31,140,76,418,591,19,5,3,1880,32.18,1.65,7.45,4.04,22.23,31.44,1.01
,13 - 2,1134,34,256,98,454,1134,39,16,10,3149,36.01,1.08,8.13,3.11,14.42,36.01,1.24
,13 - 14,1158,55,263,146,595,1254,38,29,23,3509,33.00,1.57,7.50,4.16,16.96,35.74,1.08
,13 - 6,945,45,155,70,389,736,35,10,9,2375,39.79,1.89,6.53,2.95,16.38,30.99,1.47
,13 - 10,1009,67,196,122,752,1084,64,25,52,3294,30.63,2.03,5.95,3.70,22.83,32.91,1.94
,13 - 16,894,53,129,73,513,757,21,22,38,2440,36.64,2.17,5.29,2.99,21.02,31.02,0.86
,13 - 9,203,8,43,22,100,200,7,3,2,583,34.82,1.37,7.38,3.77,17.15,34.31,1.20
,13 - 8,933,48,169,126,659,1001,29,45,26,2965,31.47,1.62,5.70,4.25,22.23,33.76,0.98
,13 - 15,732,39,160,79,403,735,29,15,20,2177,33.62,1.79,7.35,3.63,18.51,33.76,1.33
14,14 - 5,953,62,209,129,601,1338,41,24,16,3333,28.59,1.86,6.27,3.87,18.03,40.14,1.23
,14 - 1,1102,58,267,164,617,1604,33,29,14,3845,28.66,1.51,6.94,4.27,16.05,41.72,0.86
,14 - 4,1002,67,179,115,569,1099,28,16,36,3059,32.76,2.19,5.85,3.76,18.60,35.93,0.92
,14 - 6,594,45,147,87,402,867,17,17,9,2159,27.51,2.08,6.81,4.03,18.62,40.16,0.79
,14 - 2,1264,95,305,134,801,1975,48,36,22,4622,27.35,2.06,6.60,2.90,17.33,42.73,1.04
,14 - 3,632,52,144,65,428,816,21,21,14,2158,29.29,2.41,6.67,3.01,19.83,37.81,0.97
15,15 - 1,866,44,142,66,324,630,14,24,18,2086,41.51,2.11,6.81,3.16,15.53,30.20,0.67
,15 - 2,417,22,87,22,212,416,3,10,9,1179,35.37,1.87,7.38,1.87,17.98,35.28,0.25
16,16 - 3,374,20,56,42,249,385,14,8,6,1140,32.81,1.75,4.91,3.68,21.84,33.77,1.23
,16 - 1,676,38,151,54,381,778,14,28,18,2092,32.31,1.82,7.22,2.58,18.21,37.19,0.67
,16 - 2,431,14,130,46,265,481,6,4,10,1373,31.39,1.02,9.47,3.35,19.30,35.03,0.44
17,17 - 2,1289,87,247,151,735,1532,39,22,20,4080,31.59,2.13,6.05,3.70,18.01,37.55,0.96
,17 - 5,886,45,158,86,530,926,27,12,13,2658,33.33,1.69,5.94,3.24,19.94,34.84,1.02
,17 - 3,924,64,229,112,553,1064,35,23,12,2981,31.00,2.15,7.68,3.76,18.55,35.69,1.17
,17 - 1,1859,130,401,216,804,1955,50,31,31,5415,34.33,2.40,7.41,3.99,14.85,36.10,0.92
,17 - 4,625,56,117,60,345,616,22,17,15,1841,33.95,3.04,6.36,3.26,18.74,33.46,1.20
18,18 - 1,493,25,103,33,352,486,14,12,8,1506,32.74,1.66,6.84,2.19,23.37,32.27,0.93
,18 - 3,418,29,81,40,445,473,10,7,9,1496,27.94,1.94,5.41,2.67,29.75,31.62,0.67
,18 - 2,819,46,160,92,714,904,23,8,10,2758,29.70,1.67,5.80,3.34,25.89,32.78,0.83
19,19 - 1,1186,62,272,104,457,1108,22,55,45,3211,36.94,1.93,8.47,3.24,14.23,34.51,0.69
,19 - 2,772,29,165,58,309,623,20,13,20,1976,39.07,1.47,8.35,2.94,15.64,31.53,1.01
21,21 - 2,1004,75,378,165,938,1266,33,20,26,3859,26.02,1.94,9.80,4.28,24.31,32.81,0.86
,21 - 3,1194,82,314,141,1189,1224,36,37,37,4180,28.56,1.96,7.51,3.37,28.44,29.28,0.86
,21 - 1,610,27,156,91,456,487,16,9,10,1843,33.10,1.47,8.46,4.94,24.74,26.42,0.87
,21 - 4,549,102,122,57,602,666,23,13,15,2121,25.88,4.81,5.75,2.69,28.38,31.40,1.08
,21 - 5,673,41,136,76,775,637,39,13,16,2377,28.31,1.72,5.72,3.20,32.60,26.80,1.64
22,22 - 4,1011,47,128,118,482,1358,24,16,19,3168,31.91,1.48,4.04,3.72,15.21,42.87,0.76
,22 - 5,2076,123,319,295,916,2682,82,34,43,6493,31.97,1.89,4.91,4.54,14.11,41.31,1.26
,22 - 2,1567,85,242,171,681,1828,45,34,22,4619,33.93,1.84,5.24,3.70,14.74,39.58,0.97
,22 - 1,1788,111,234,227,888,2189,49,44,29,5486,32.59,2.02,4.27,4.14,16.19,39.90,0.89
,22 - 3,1056,51,113,96,441,960,23,15,11,2740,38.54,1.86,4.12,3.50,16.09,35.04,0.84
23,23 - 1,1057,41,159,63,633,1371,22,21,21,3346,31.59,1.23,4.75,1.88,18.92,40.97,0.66
24,24 - 1,1026,57,195,80,678,1132,15,37,30,3183,32.23,1.79,6.13,2.51,21.30,35.56,0.47
,24 - 2,1159,83,199,99,579,1094,27,28,28,3240,35.77,2.56,6.14,3.06,17.87,33.77,0.83
,24 - 3,766,40,118,55,430,809,33,23,21,2251,34.03,1.78,5.24,2.44,19.10,35.94,1.47
,24 - 4,1161,65,181,113,588,1214,43,20,31,3365,34.50,1.93,5.38,3.36,17.47,36.08,1.28
25,25 - 5,440,33,87,54,253,485,18,10,17,1370,32.12,2.41,6.35,3.94,18.47,35.40,1.31
,25 - 4,700,28,104,61,394,472,22,20,11,1781,39.30,1.57,5.84,3.43,22.12,26.50,1.24
,25 - 3,526,26,97,26,270,404,15,12,7,1364,38.56,1.91,7.11,1.91,19.79,29.62,1.10
,25 - 2,1294,92,291,189,856,1787,46,28,29,4555,28.41,2.02,6.39,4.15,18.79,39.23,1.01
,25 - 1,579,36,87,90,352,719,13,5,8,1876,30.86,1.92,4.64,4.80,18.76,38.33,0.69
26,26 - 2,892,52,167,92,502,966,33,10,24,2704,32.99,1.92,6.18,3.40,18.57,35.72,1.22
,26 - 4,1097,64,157,128,609,1110,46,29,21,3211,34.16,1.99,4.89,3.99,18.97,34.57,1.43
,26 - 3,1369,112,307,208,695,2047,74,36,43,4812,28.45,2.33,6.38,4.32,14.44,42.54,1.54
,26 - 1,893,58,191,126,497,1041,21,12,15,2827,31.59,2.05,6.76,4.46,17.58,36.82,0.74
27,27 - 3,562,26,126,78,373,676,10,13,10,1851,30.36,1.40,6.81,4.21,20.15,36.52,0.54
,27 - 4,782,73,173,84,568,997,27,16,20,2704,28.92,2.70,6.40,3.11,21.01,36.87,1.00
,27 - 2,611,31,122,72,341,636,28,9,12,1841,33.19,1.68,6.63,3.91,18.52,34.55,1.52
,27 - 5,741,55,159,84,498,876,31,18,7,2444,30.32,2.25,6.51,3.44,20.38,35.84,1.27
,27 - 1,496,40,107,79,293,570,15,7,12,1600,31.00,2.50,6.69,4.94,18.31,35.63,0.94
28,28 - 2,532,39,104,67,319,534,25,13,19,1620,32.84,2.41,6.42,4.14,19.69,32.96,1.54
,28 - 4,429,47,68,50,238,433,11,5,7,1276,33.62,3.68,5.33,3.92,18.65,33.93,0.86
,28 - 3,801,79,136,67,456,723,24,27,14,2286,35.04,3.46,5.95,2.93,19.95,31.63,1.05
,28 - 1,874,65,176,109,487,1013,21,10,13,2745,31.84,2.37,6.41,3.97,17.74,36.90,0.77
29,29 - 2,1902,90,335,224,629,3047,45,36,28,6272,30.33,1.43,5.34,3.57,10.03,48.58,0.72
,29 - 1,1682,76,263,225,652,2202,47,52,36,5147,32.68,1.48,5.11,4.37,12.67,42.78,0.91
,29 - 3,1085,61,141,130,374,1650,31,13,6,3472,31.25,1.76,4.06,3.74,10.77,47.52,0.89
,29 - 4,1358,74,193,166,524,2151,27,26,24,4493,30.22,1.65,4.30,3.69,11.66,47.87,0.60
,29 - 5,1337,64,183,175,509,1979,24,30,26,4271,31.30,1.50,4.28,4.10,11.92,46.34,0.56
,29 - 6,1102,61,162,154,464,1986,34,30,20,3963,27.81,1.54,4.09,3.89,11.71,50.11,0.86
,29 - 7,1175,65,186,106,469,1686,34,27,26,3721,31.58,1.75,5.00,2.85,12.60,45.31,0.91
,29 - 8,1471,67,184,164,586,1926,43,37,30,4441,33.12,1.51,4.14,3.69,13.20,43.37,0.97
30,30 - 2,974,58,148,73,482,835,27,23,18,2597,37.50,2.23,5.70,2.81,18.56,32.15,1.04
,30 - 4,876,48,150,85,543,951,27,11,17,2680,32.69,1.79,5.60,3.17,20.26,35.49,1.01
,30 - 5,1357,83,222,129,691,1566,43,17,29,4091,33.17,2.03,5.43,3.15,16.89,38.28,1.05
,30 - 3,992,119,155,89,671,960,18,18,20,3004,33.02,3.96,5.16,2.96,22.34,31.96,0.60
,30 - 1,887,56,175,108,432,980,28,17,8,2666,33.27,2.10,6.56,4.05,16.20,36.76,1.05
,30 - 6,799,53,155,101,437,893,32,17,14,2470,32.35,2.15,6.28,4.09,17.69,36.15,1.30
31,31 - 8,1251,83,148,89,642,1097,39,19,28,3349,37.35,2.48,4.42,2.66,19.17,32.76,1.16
,31 - 5,1300,96,274,99,705,1244,35,18,26,3753,34.64,2.56,7.30,2.64,18.78,33.15,0.93
,31 - 7,1799,160,369,174,1027,2133,48,45,24,5710,31.51,2.80,6.46,3.05,17.99,37.36,0.84
,31 - 10,2048,139,549,243,1073,2315,64,58,34,6431,31.85,2.16,8.54,3.78,16.68,36.00,1.00
,31 - 3,620,31,134,55,256,579,16,12,7,1691,36.66,1.83,7.92,3.25,15.14,34.24,0.95
,31 - 1,1009,114,257,110,610,1326,27,25,22,3453,29.22,3.30,7.44,3.19,17.67,38.40,0.78
,31 - 2,1452,99,264,160,636,1087,37,27,22,3735,38.88,2.65,7.07,4.28,17.03,29.10,0.99
,31 - 6,2231,123,399,228,1038,2053,58,44,42,6130,36.39,2.01,6.51,3.72,16.93,33.49,0.95
,31 - 9,2128,150,511,279,1259,2926,60,61,44,7313,29.10,2.05,6.99,3.82,17.22,40.01,0.82
,31 - 4,2522,160,751,354,1273,3897,64,57,32,9021,27.96,1.77,8.33,3.92,14.11,43.20,0.71
32,32 - 1,1442,116,216,88,573,1483,44,29,29,3962,36.40,2.93,5.45,2.22,14.46,37.43,1.11
,32 - 2,1106,110,211,90,526,1098,33,21,16,3174,34.85,3.47,6.65,2.84,16.57,34.59,1.04
33,33 - 2,2133,142,663,387,1026,3835,73,42,38,8259,25.83,1.72,8.03,4.69,12.42,46.43,0.88
,33 - 1,595,25,96,74,260,654,7,16,8,1711,34.77,1.46,5.61,4.32,15.20,38.22,0.41
,33 - 12,786,54,165,86,426,953,23,17,15,2493,31.53,2.17,6.62,3.45,17.09,38.23,0.92
,33 - 10,1052,57,224,103,562,1104,38,37,28,3140,33.50,1.82,7.13,3.28,17.90,35.16,1.21
,33 - 11,901,41,144,104,580,878,25,14,21,2673,33.71,1.53,5.39,3.89,21.70,32.85,0.94
,33 - 9,1237,61,259,128,664,1401,55,24,24,3805,32.51,1.60,6.81,3.36,17.45,36.82,1.45
,33 - 4,1598,99,269,149,845,1705,52,56,34,4717,33.88,2.10,5.70,3.16,17.91,36.15,1.10
,33 - 5,1400,74,258,146,830,1427,42,51,34,4177,33.52,1.77,6.18,3.50,19.87,34.16,1.01
,33 - 3,991,54,246,127,597,1653,34,27,22,3702,26.77,1.46,6.65,3.43,16.13,44.65,0.92
,33 - 7,1733,108,405,227,824,1849,39,59,23,5185,33.42,2.08,7.81,4.38,15.89,35.66,0.75
,33 - 8,1455,62,283,167,671,1354,42,25,45,4034,36.07,1.54,7.02,4.14,16.63,33.56,1.04
,33 - 6,1998,105,406,218,985,2209,59,61,33,5980,33.41,1.76,6.79,3.65,16.47,36.94,0.99
34,34 - 4,1474,117,289,158,875,1896,62,34,39,4871,30.26,2.40,5.93,3.24,17.96,38.92,1.27
,34 - 3,1786,138,366,204,853,1994,47,40,25,5388,33.15,2.56,6.79,3.79,15.83,37.01,0.87
,34 - 7,1219,104,271,85,700,1091,29,21,26,3499,34.84,2.97,7.75,2.43,20.01,31.18,0.83
,34 - 8,1327,105,254,167,851,1788,29,26,31,4521,29.35,2.32,5.62,3.69,18.82,39.55,0.64
,34 - 5,1295,101,195,109,722,1298,40,27,23,3760,34.44,2.69,5.19,2.90,19.20,34.52,1.06
,34 - 6,972,53,134,55,434,732,27,15,11,2407,40.38,2.20,5.57,2.29,18.03,30.41,1.12
,34 - 9,774,43,123,85,386,754,23,14,11,2188,35.37,1.97,5.62,3.88,17.64,34.46,1.05
,34 - 1,903,47,153,72,466,971,25,20,13,2637,34.24,1.78,5.80,2.73,17.67,36.82,0.95
,34 - 2,1285,89,323,172,694,2182,47,31,17,4792,26.82,1.86,6.74,3.59,14.48,45.53,0.98
35,35 - 6,867,59,178,121,524,1290,29,12,25,3068,28.26,1.92,5.80,3.94,17.08,42.05,0.95
,35 - 4,785,46,151,128,473,1328,32,10,14,2943,26.67,1.56,5.13,4.35,16.07,45.12,1.09
,35 - 2,1698,91,430,307,775,2339,39,34,46,5679,29.90,1.60,7.57,5.41,13.65,41.19,0.69
,35 - 1,986,54,220,149,486,1358,25,17,6,3278,30.08,1.65,6.71,4.55,14.83,41.43,0.76
,35 - 5,869,49,181,149,523,1359,27,12,18,3157,27.53,1.55,5.73,4.72,16.57,43.05,0.86
,35 - 7,1573,90,277,195,677,1703,50,27,31,4565,34.46,1.97,6.07,4.27,14.83,37.31,1.10
,35 - 8,3311,206,866,546,1606,5754,115,57,78,12404,26.69,1.66,6.98,4.40,12.95,46.39,0.93
,35 - 3,745,53,160,121,373,1155,23,11,9,2630,28.33,2.02,6.08,4.60,14.18,43.92,0.87
36,36 - 2,743,44,152,69,550,867,21,15,19,2446,30.38,1.80,6.21,2.82,22.49,35.45,0.86
,36 - 1,681,37,118,61,383,655,22,22,12,1957,34.80,1.89,6.03,3.12,19.57,33.47,1.12
37,37 - 2,959,59,226,125,604,1129,36,20,17,3138,30.56,1.88,7.20,3.98,19.25,35.98,1.15
,37 - 4,968,49,197,103,889,1173,35,30,14,3414,28.35,1.44,5.77,3.02,26.04,34.36,1.03
,37 - 5,1004,59,197,121,629,1051,32,26,11,3093,32.46,1.91,6.37,3.91,20.34,33.98,1.03
,37 - 3,1115,54,236,120,686,1229,29,17,19,3469,32.14,1.56,6.80,3.46,19.78,35.43,0.84
,37 - 1,1113,67,252,155,521,1515,33,25,10,3656,30.44,1.83,6.89,4.24,14.25,41.44,0.90
38,38 - 10,864,42,165,93,485,974,23,25,10,2646,32.65,1.59,6.24,3.51,18.33,36.81,0.87
,38 - 3,1196,70,250,146,673,1702,41,44,26,4078,29.33,1.72,6.13,3.58,16.50,41.74,1.01
,38 - 4,1235,78,248,150,583,1305,47,42,24,3646,33.87,2.14,6.80,4.11,15.99,35.79,1.29
,38 - 7,736,48,132,78,402,767,26,19,15,2189,33.62,2.19,6.03,3.56,18.36,35.04,1.19
,38 - 5,1554,80,345,205,840,1840,39,32,24,4903,31.69,1.63,7.04,4.18,17.13,37.53,0.80
,38 - 1,1580,87,392,226,643,1965,49,37,33,4942,31.97,1.76,7.93,4.57,13.01,39.76,0.99
,38 - 8,739,37,184,94,449,814,19,20,12,2336,31.64,1.58,7.88,4.02,19.22,34.85,0.81
,38 - 6,528,49,115,75,357,651,27,11,11,1802,29.30,2.72,6.38,4.16,19.81,36.13,1.50
,38 - 9,1251,106,294,181,776,1654,30,36,19,4292,29.15,2.47,6.85,4.22,18.08,38.54,0.70
,38 - 2,1116,79,249,128,586,1163,34,24,19,3355,33.26,2.35,7.42,3.82,17.47,34.66,1.01
39,39 - 3,550,29,111,57,546,617,21,7,9,1931,28.48,1.50,5.75,2.95,28.28,31.95,1.09
,39 - 1,532,28,119,58,665,624,19,14,11,2045,26.01,1.37,5.82,2.84,32.52,30.51,0.93
,39 - 2,217,17,56,32,177,312,24,2,1,835,25.99,2.04,6.71,3.83,21.20,37.37,2.87
40,40 - 3,1166,74,206,72,553,1662,34,26,33,3767,30.95,1.96,5.47,1.91,14.68,44.12,0.90
,40 - 1,1318,55,297,83,615,1754,37,36,25,4159,31.69,1.32,7.14,2.00,14.79,42.17,0.89
,40 - 2,1676,79,317,152,752,1903,49,35,27,4928,34.01,1.60,6.43,3.08,15.26,38.62,0.99
41,41 - 1,842,65,119,125,433,1171,30,18,22,2785,30.23,2.33,4.27,4.49,15.55,42.05,1.08
,41 - 3,547,28,87,72,301,640,12,4,8,1687,32.42,1.66,5.16,4.27,17.84,37.94,0.71
,41 - 2,839,60,142,84,482,835,28,17,18,2470,33.97,2.43,5.75,3.40,19.51,33.81,1.13
42,42 - 1,957,68,184,98,508,1388,23,22,17,3226,29.67,2.11,5.70,3.04,15.75,43.03,0.71
,42 - 2,487,35,98,53,269,653,9,7,13,1604,30.36,2.18,6.11,3.30,16.77,40.71,0.56
,42 - 3,724,49,140,73,442,747,18,13,10,2193,33.01,2.23,6.38,3.33,20.16,34.06,0.82
,42 - 4,710,51,131,74,499,859,14,15,13,2338,30.37,2.18,5.60,3.17,21.34,36.74,0.60
,42 - 6,701,37,120,86,461,923,26,10,12,2354,29.78,1.57,5.10,3.65,19.58,39.21,1.10
,42 - 5,855,40,167,101,658,960,25,26,18,2806,30.47,1.43,5.95,3.60,23.45,34.21,0.89
43,43 - 2,379,19,54,29,203,381,8,2,6,1073,35.32,1.77,5.03,2.70,18.92,35.51,0.75
,43 - 1,519,32,88,80,354,713,19,11,7,1805,28.75,1.77,4.88,4.43,19.61,39.50,1.05
44,44 - 6,1535,80,341,449,885,2226,48,48,25,5564,27.59,1.44,6.13,8.07,15.91,40.01,0.86
,44 - 8,1495,77,280,260,832,1876,44,38,44,4864,30.74,1.58,5.76,5.35,17.11,38.57,0.90
,44 - 3,969,59,305,381,572,1767,35,36,12,4088,23.70,1.44,7.46,9.32,13.99,43.22,0.86
,44 - 5,1459,80,354,494,763,2008,50,36,35,5208,28.01,1.54,6.80,9.49,14.65,38.56,0.96
,44 - 10,1362,63,349,435,721,1915,56,35,29,4901,27.79,1.29,7.12,8.88,14.71,39.07,1.14
,44 - 7,1342,64,228,233,725,1412,32,17,17,4036,33.25,1.59,5.65,5.77,17.96,34.99,0.79
,44 - 9,1010,53,216,292,646,1677,32,19,22,3926,25.73,1.35,5.50,7.44,16.45,42.72,0.82
,44 - 4,1852,106,518,556,1037,3167,62,57,42,7298,25.38,1.45,7.10,7.62,14.21,43.40,0.85
,44 - 1,1088,35,218,691,494,1242,29,26,11,3797,28.65,0.92,5.74,18.20,13.01,32.71,0.76
,44 - 2,1494,82,485,649,836,3053,41,56,24,6640,22.50,1.23,7.30,9.77,12.59,45.98,0.62
45,45 - 5,569,38,87,61,293,514,15,9,8,1577,36.08,2.41,5.52,3.87,18.58,32.59,0.95
,45 - 2,803,54,141,98,394,738,22,19,6,2250,35.69,2.40,6.27,4.36,17.51,32.80,0.98
,45 - 1,1157,47,247,132,510,1053,30,25,21,3176,36.43,1.48,7.78,4.16,16.06,33.15,0.94
,45 - 6,1107,78,304,145,597,1383,38,23,14,3652,30.31,2.14,8.32,3.97,16.35,37.87,1.04
,45 - 3,812,46,145,77,451,737,25,21,20,2293,35.41,2.01,6.32,3.36,19.67,32.14,1.09
,45 - 4,597,32,103,38,359,556,23,10,8,1708,34.95,1.87,6.03,2.22,21.02,32.55,1.35
46,46 - 1,677,79,124,67,329,673,21,22,18,1970,34.37,4.01,6.29,3.40,16.70,34.16,1.07
,46 - 2,883,116,131,83,390,833,29,21,24,2465,35.82,4.71,5.31,3.37,15.82,33.79,1.18
47,47 - 3,758,52,147,67,373,742,17,14,22,2156,35.16,2.41,6.82,3.11,17.30,34.42,0.79
,47 - 1,571,51,109,59,285,613,12,14,15,1700,33.59,3.00,6.41,3.47,16.76,36.06,0.71
,47 - 2,449,34,85,24,226,367,9,9,8,1194,37.60,2.85,7.12,2.01,18.93,30.74,0.75
48,48 - 1,764,60,93,65,337,776,19,19,20,2114,36.14,2.84,4.40,3.07,15.94,36.71,0.90
49,49 - 1,1302,65,340,223,610,1753,48,26,28,4341,29.99,1.50,7.83,5.14,14.05,40.38,1.11
,49 - 2,988,50,218,159,469,1309,29,24,23,3222,30.66,1.55,6.77,4.93,14.56,40.63,0.90
,49 - 7,901,46,181,125,440,1026,30,18,15,2749,32.78,1.67,6.58,4.55,16.01,37.32,1.09
,49 - 3,618,43,122,73,289,629,16,12,7,1790,34.53,2.40,6.82,4.08,16.15,35.14,0.89
,49 - 4,499,27,110,67,279,677,16,17,17,1675,29.79,1.61,6.57,4.00,16.66,40.42,0.96
,49 - 5,690,24,120,71,306,590,13,8,6,1814,38.04,1.32,6.62,3.91,16.87,32.52,0.72
,49 - 6,980,55,216,208,469,1246,23,23,31,3197,30.65,1.72,6.76,6.51,14.67,38.97,0.72
50,50 - 1,735,36,137,84,449,860,23,7,13,2324,31.63,1.55,5.90,3.61,19.32,37.01,0.99
,50 - 4,1362,84,282,111,853,1742,37,35,18,4471,30.46,1.88,6.31,2.48,19.08,38.96,0.83
,50 - 3,1043,58,221,114,710,1458,98,31,19,3702,28.17,1.57,5.97,3.08,19.18,39.38,2.65
,50 - 2,763,44,142,103,430,953,19,10,10,2454,31.09,1.79,5.79,4.20,17.52,38.83,0.77
51,51 - 4,730,32,132,80,418,613,18,10,7,2023,36.09,1.58,6.52,3.95,20.66,30.30,0.89
,51 - 1,251,17,47,15,156,321,11,8,3,818,30.68,2.08,5.75,1.83,19.07,39.24,1.34
,51 - 3,589,47,133,74,372,636,24,5,12,1875,31.41,2.51,7.09,3.95,19.84,33.92,1.28
,51 - 2,696,50,223,92,466,1003,23,11,12,2553,27.26,1.96,8.73,3.60,18.25,39.29,0.90
,51 - 5,319,17,49,28,153,220,16,5,7,802,39.78,2.12,6.11,3.49,19.08,27.43,2.00
52,52 - 1,507,29,110,53,358,531,8,8,7,1596,31.77,1.82,6.89,3.32,22.43,33.27,0.50
,52 - 2,256,18,39,30,175,248,6,5,2,772,33.16,2.33,5.05,3.89,22.67,32.12,0.78
53,53 - 1,764,51,169,108,345,715,23,31,21,2175,35.13,2.34,7.77,4.97,15.86,32.87,1.06
,53 - 2,764,39,127,119,341,883,23,15,15,2296,33.28,1.70,5.53,5.18,14.85,38.46,1.00
,53 - 3,440,27,78,75,221,506,13,11,12,1360,32.35,1.99,5.74,5.51,16.25,37.21,0.96
54,54 - 6,738,34,134,60,509,834,31,9,15,2340,31.54,1.45,5.73,2.56,21.75,35.64,1.32
,54 - 3,595,18,97,28,375,570,23,11,9,1706,34.88,1.06,5.69,1.64,21.98,33.41,1.35
,54 - 4,683,43,97,63,413,793,18,4,15,2110,32.37,2.04,4.60,2.99,19.57,37.58,0.85
,54 - 1,813,40,205,96,465,1321,49,13,21,2989,27.20,1.34,6.86,3.21,15.56,44.20,1.64
,54 - 5,799,46,122,76,419,835,31,19,9,2328,34.32,1.98,5.24,3.26,18.00,35.87,1.33
,54 - 2,1233,74,275,161,616,1567,34,14,18,3960,31.14,1.87,6.94,4.07,15.56,39.57,0.86
55,55 - 1,673,35,119,71,291,544,35,8,15,1768,38.07,1.98,6.73,4.02,16.46,30.77,1.98
,55 - 2,507,21,44,37,181,386,15,7,6,1191,42.57,1.76,3.69,3.11,15.20,32.41,1.26
56,56 - 1,2112,93,333,251,790,2079,63,23,41,5721,36.92,1.63,5.82,4.39,13.81,36.34,1.10
,56 - 2,1385,61,249,193,598,1724,47,25,20,4257,32.53,1.43,5.85,4.53,14.05,40.50,1.10
,56 - 3,850,42,114,116,345,904,27,15,16,2398,35.45,1.75,4.75,4.84,14.39,37.70,1.13
,56 - 6,1200,63,164,148,490,1371,37,26,14,3473,34.55,1.81,4.72,4.26,14.11,39.48,1.07
,56 - 5,1553,72,224,194,594,1634,42,32,33,4313,36.01,1.67,5.19,4.50,13.77,37.89,0.97
,56 - 4,921,54,128,129,568,1271,43,15,10,3114,29.58,1.73,4.11,4.14,18.24,40.82,1.38
57,57 - 8,614,32,85,31,558,550,13,14,25,1883,32.61,1.70,4.51,1.65,29.63,29.21,0.69
,57 - 1,660,19,119,58,591,631,21,13,5,2099,31.44,0.91,5.67,2.76,28.16,30.06,1.00
,57 - 2,529,19,99,66,363,540,22,4,8,1638,32.30,1.16,6.04,4.03,22.16,32.97,1.34
,57 - 5,316,9,56,38,169,281,3,2,5,872,36.24,1.03,6.42,4.36,19.38,32.22,0.34
,57 - 7,456,24,86,40,279,446,10,7,7,1341,34.00,1.79,6.41,2.98,20.81,33.26,0.75
,57 - 9,652,31,109,61,467,624,20,13,11,1964,33.20,1.58,5.55,3.11,23.78,31.77,1.02
,57 - 6,340,18,55,21,165,401,10,3,8,1010,33.66,1.78,5.45,2.08,16.34,39.70,0.99
,57 - 3,931,59,236,106,558,1126,45,15,8,3061,30.41,1.93,7.71,3.46,18.23,36.79,1.47
,57 - 4,293,10,83,24,153,314,16,7,5,893,32.81,1.12,9.29,2.69,17.13,35.16,1.79
58,58 - 1,872,35,130,81,817,736,27,17,17,2698,32.32,1.30,4.82,3.00,30.28,27.28,1.00
,58 - 2,808,50,132,65,1333,786,28,18,31,3202,25.23,1.56,4.12,2.03,41.63,24.55,0.87
59,59 - 10,281,9,44,27,131,314,5,8,6,811,34.65,1.11,5.43,3.33,16.15,38.72,0.62
,59 - 3,622,28,91,36,321,501,13,12,17,1612,38.59,1.74,5.65,2.23,19.91,31.08,0.81
,59 - 12,469,13,76,24,265,484,5,2,11,1336,35.10,0.97,5.69,1.80,19.84,36.23,0.37
,59 - 4,969,63,263,151,569,1689,39,14,18,3743,25.89,1.68,7.03,4.03,15.20,45.12,1.04
,59 - 13,700,50,115,57,431,809,31,14,12,2193,31.92,2.28,5.24,2.60,19.65,36.89,1.41
,59 - 5,777,42,190,124,433,1034,20,18,18,2620,29.66,1.60,7.25,4.73,16.53,39.47,0.76
,59 - 6,886,43,177,98,426,942,29,10,27,2601,34.06,1.65,6.81,3.77,16.38,36.22,1.11
,59 - 11,568,39,151,72,334,1041,20,20,20,2225,25.53,1.75,6.79,3.24,15.01,46.79,0.90
,59 - 7,379,21,98,43,251,559,18,10,9,1369,27.68,1.53,7.16,3.14,18.33,40.83,1.31
,59 - 1,787,57,252,143,531,1744,45,39,27,3559,22.11,1.60,7.08,4.02,14.92,49.00,1.26
,59 - 16,435,30,67,32,263,662,11,25,12,1500,29.00,2.00,4.47,2.13,17.53,44.13,0.73
,59 - 9,631,41,125,77,305,894,19,9,16,2092,30.16,1.96,5.98,3.68,14.58,42.73,0.91
,59 - 17,574,22,118,75,330,650,16,7,7,1785,32.16,1.23,6.61,4.20,18.49,36.41,0.90
,59 - 14,170,20,22,10,114,140,5,8,8,481,35.34,4.16,4.57,2.08,23.70,29.11,1.04
,59 - 2,934,74,319,137,629,1862,49,26,17,4004,23.33,1.85,7.97,3.42,15.71,46.50,1.22
,59 - 8,548,35,85,29,323,472,20,9,12,1512,36.24,2.31,5.62,1.92,21.36,31.22,1.32
,59 - 18,421,17,53,31,207,354,6,5,4,1089,38.66,1.56,4.87,2.85,19.01,32.51,0.55
,59 - 15,454,41,80,48,239,511,31,15,10,1404,32.34,2.92,5.70,3.42,17.02,36.40,2.21
,59 - 19,424,23,174,22,266,550,15,32,12,1474,28.77,1.56,11.80,1.49,18.05,37.31,1.02
,59 - 20,300,19,46,21,144,312,19,0,3,861,34.84,2.21,5.34,2.44,16.72,36.24,2.21
,59 - 21,408,22,68,42,227,428,12,3,9,1207,33.80,1.82,5.63,3.48,18.81,35.46,0.99
60,60 - 2,525,50,128,62,350,732,9,13,3,1856,28.29,2.69,6.90,3.34,18.86,39.44,0.48
,60 - 1,304,30,66,20,206,432,7,10,4,1065,28.54,2.82,6.20,1.88,19.34,40.56,0.66
,60 - 3,373,29,88,26,231,442,11,11,5,1200,31.08,2.42,7.33,2.17,19.25,36.83,0.92
,60 - 4,675,35,135,105,370,680,14,8,7,2014,33.52,1.74,6.70,5.21,18.37,33.76,0.70
,60 - 6,573,45,62,64,347,689,16,8,6,1796,31.90,2.51,3.45,3.56,19.32,38.36,0.89
,60 - 7,661,49,167,57,493,740,24,20,26,2191,30.17,2.24,7.62,2.60,22.50,33.77,1.10
,60 - 5,355,17,65,38,194,332,11,5,2,1012,35.08,1.68,6.42,3.75,19.17,32.81,1.09
61,61 - 1,704,39,187,103,393,803,33,22,11,2262,31.12,1.72,8.27,4.55,17.37,35.50,1.46
,61 - 3,816,43,168,85,377,735,16,13,14,2240,36.43,1.92,7.50,3.79,16.83,32.81,0.71
,61 - 2,389,39,85,58,187,450,21,11,5,1229,31.65,3.17,6.92,4.72,15.22,36.62,1.71
62,62 - 11,567,45,109,36,414,682,32,24,28,1885,30.08,2.39,5.78,1.91,21.96,36.18,1.70
,62 - 3,583,44,73,21,233,451,16,26,19,1421,41.03,3.10,5.14,1.48,16.40,31.74,1.13
,62 - 2,952,41,164,82,493,1018,19,21,24,2769,34.38,1.48,5.92,2.96,17.80,36.76,0.69
,62 - 8,610,26,89,46,269,559,16,12,22,1615,37.77,1.61,5.51,2.85,16.66,34.61,0.99
,62 - 10,635,29,71,25,341,753,18,17,20,1872,33.92,1.55,3.79,1.34,18.22,40.22,0.96
,62 - 1,673,32,63,46,305,560,16,11,11,1695,39.71,1.89,3.72,2.71,17.99,33.04,0.94
,62 - 4,522,31,93,35,232,584,18,11,15,1515,34.46,2.05,6.14,2.31,15.31,38.55,1.19
,62 - 9,450,42,43,34,267,574,8,5,6,1418,31.73,2.96,3.03,2.40,18.83,40.48,0.56
,62 - 5,836,71,192,79,531,837,37,56,27,2583,32.37,2.75,7.43,3.06,20.56,32.40,1.43
,62 - 12,829,61,105,50,365,607,27,46,30,2044,40.56,2.98,5.14,2.45,17.86,29.70,1.32
,62 - 7,480,28,119,30,332,510,16,18,10,1515,31.68,1.85,7.85,1.98,21.91,33.66,1.06
,62 - 6,627,32,127,48,408,545,24,10,15,1811,34.62,1.77,7.01,2.65,22.53,30.09,1.33
63,63 - 2,279,17,61,23,157,353,5,2,9,895,31.17,1.90,6.82,2.57,17.54,39.44,0.56
,63 - 3,254,17,68,27,147,313,11,5,5,837,30.35,2.03,8.12,3.23,17.56,37.40,1.31
,63 - 4,189,12,29,16,137,242,2,1,4,627,30.14,1.91,4.63,2.55,21.85,38.60,0.32
,63 - 5,238,14,39,24,145,260,2,2,5,722,32.96,1.94,5.40,3.32,20.08,36.01,0.28
,63 - 1,853,76,122,69,441,924,26,18,20,2511,33.97,3.03,4.86,2.75,17.56,36.80,1.04
64,64 - 5,1163,54,308,124,508,1515,39,31,21,3711,31.34,1.46,8.30,3.34,13.69,40.82,1.05
,64 - 4,725,58,106,68,333,897,25,18,12,2212,32.78,2.62,4.79,3.07,15.05,40.55,1.13
,64 - 2,964,39,174,98,450,1008,20,15,15,2753,35.02,1.42,6.32,3.56,16.35,36.61,0.73
,64 - 3,1416,72,169,114,659,1195,26,31,29,3651,38.78,1.97,4.63,3.12,18.05,32.73,0.71
,64 - 6,876,53,201,69,311,1068,22,28,15,2600,33.69,2.04,7.73,2.65,11.96,41.08,0.85
,64 - 1,1056,51,185,95,446,1049,24,23,12,2906,36.34,1.75,6.37,3.27,15.35,36.10,0.83
65,65 - 2,1216,108,195,109,518,1036,33,16,20,3215,37.82,3.36,6.07,3.39,16.11,32.22,1.03
,65 - 1,1528,130,249,115,657,1313,51,18,27,4043,37.79,3.22,6.16,2.84,16.25,32.48,1.26
66,66 - 2,1103,51,122,66,441,766,23,30,3,2572,42.88,1.98,4.74,2.57,17.15,29.78,0.89
,66 - 4,1577,95,158,88,580,1051,37,36,13,3586,43.98,2.65,4.41,2.45,16.17,29.31,1.03
,66 - 1,1281,48,124,84,532,1026,31,43,6,3126,40.98,1.54,3.97,2.69,17.02,32.82,0.99
,66 - 3,890,53,78,52,313,782,22,24,8,2190,40.64,2.42,3.56,2.37,14.29,35.71,1.00
67,67 - 9,365,35,126,67,226,351,13,10,5,1183,30.85,2.96,10.65,5.66,19.10,29.67,1.10
,67 - 4,747,57,160,113,301,637,29,9,7,2044,36.55,2.79,7.83,5.53,14.73,31.16,1.42
,67 - 7,346,21,60,62,206,349,24,2,3,1068,32.40,1.97,5.62,5.81,19.29,32.68,2.25
,67 - 3,456,28,123,71,232,594,20,7,3,1524,29.92,1.84,8.07,4.66,15.22,38.98,1.31
,67 - 2,1222,83,377,165,541,1549,47,29,20,3984,30.67,2.08,9.46,4.14,13.58,38.88,1.18
,67 - 6,417,43,128,85,221,450,28,4,5,1372,30.39,3.13,9.33,6.20,16.11,32.80,2.04
,67 - 5,391,39,102,70,235,463,29,3,3,1329,29.42,2.93,7.67,5.27,17.68,34.84,2.18
,67 - 8,207,20,46,33,84,144,11,4,4,545,37.98,3.67,8.44,6.06,15.41,26.42,2.02
,67 - 1,767,39,249,114,374,1181,31,22,15,2755,27.84,1.42,9.04,4.14,13.58,42.87,1.13
68,68 - 3,258,26,60,51,151,235,23,4,5,804,32.09,3.23,7.46,6.34,18.78,29.23,2.86
,68 - 6,342,29,82,55,210,326,21,4,8,1065,32.11,2.72,7.70,5.16,19.72,30.61,1.97
,68 - 4,259,15,56,32,129,232,10,3,3,733,35.33,2.05,7.64,4.37,17.60,31.65,1.36
,68 - 1,350,27,79,68,185,314,18,3,7,1041,33.62,2.59,7.59,6.53,17.77,30.16,1.73
,68 - 2,427,29,113,107,196,484,20,4,3,1376,31.03,2.11,8.21,7.78,14.24,35.17,1.45
,68 - 5,357,22,102,51,187,376,11,5,7,1106,32.28,1.99,9.22,4.61,16.91,34.00,0.99
69,69 - 10,930,51,203,164,580,1107,28,17,7,3063,30.36,1.67,6.63,5.35,18.94,36.14,0.91
,69 - 7,749,52,160,90,495,814,19,18,17,2379,31.48,2.19,6.73,3.78,20.81,34.22,0.80
,69 - 5,1003,62,242,146,540,1105,42,14,11,3140,31.94,1.97,7.71,4.65,17.20,35.19,1.34
,69 - 11,718,37,133,81,442,840,29,19,7,2280,31.49,1.62,5.83,3.55,19.39,36.84,1.27
,69 - 14,752,42,178,67,583,819,21,25,9,2462,30.54,1.71,7.23,2.72,23.68,33.27,0.85
,69 - 8,842,51,213,109,534,1110,33,19,11,2892,29.11,1.76,7.37,3.77,18.46,38.38,1.14
,69 - 12,1104,68,286,167,652,1195,43,22,26,3515,31.41,1.93,8.14,4.75,18.55,34.00,1.22
,69 - 13,657,29,137,65,380,626,12,9,16,1906,34.47,1.52,7.19,3.41,19.94,32.84,0.63
,69 - 2,1438,119,497,266,912,3010,63,35,52,6305,22.81,1.89,7.88,4.22,14.46,47.74,1.00
,69 - 1,765,57,169,126,435,1070,27,12,13,2649,28.88,2.15,6.38,4.76,16.42,40.39,1.02
,69 - 3,1172,101,419,209,768,2197,59,20,28,4925,23.80,2.05,8.51,4.24,15.59,44.61,1.20
,69 - 4,1122,78,320,200,637,1413,31,22,14,3801,29.52,2.05,8.42,5.26,16.76,37.17,0.82
,69 - 9,644,35,130,98,499,912,27,12,15,2345,27.46,1.49,5.54,4.18,21.28,38.89,1.15
,69 - 6,1148,62,263,152,809,1526,40,29,19,4000,28.70,1.55,6.58,3.80,20.23,38.15,1.00
70,70 - 1,876,73,134,90,502,654,39,23,13,2368,36.99,3.08,5.66,3.80,21.20,27.62,1.65
,70 - 2,730,59,99,69,451,586,24,19,18,2018,36.17,2.92,4.91,3.42,22.35,29.04,1.19
71,71 - 4,315,37,86,50,2417,477,29,12,19,3411,9.23,1.08,2.52,1.47,70.86,13.98,0.85
,71 - 1,507,52,113,85,1264,767,37,18,17,2825,17.95,1.84,4.00,3.01,44.74,27.15,1.31
,71 - 2,253,20,58,19,870,265,9,3,11,1494,16.93,1.34,3.88,1.27,58.23,17.74,0.60
,71 - 5,592,32,135,47,2038,660,15,22,14,3519,16.82,0.91,3.84,1.34,57.91,18.76,0.43
,71 - 3,108,8,32,9,325,117,6,1,5,605,17.85,1.32,5.29,1.49,53.72,19.34,0.99
72,72 - 3,573,36,101,80,323,601,16,11,9,1730,33.12,2.08,5.84,4.62,18.67,34.74,0.92
,72 - 2,930,53,171,84,412,793,27,24,15,2470,37.65,2.15,6.92,3.40,16.68,32.11,1.09
,72 - 4,497,24,101,57,293,536,21,7,10,1529,32.50,1.57,6.61,3.73,19.16,35.06,1.37
,72 - 1,1076,65,292,141,558,1256,39,25,19,3427,31.40,1.90,8.52,4.11,16.28,36.65,1.14
,72 - 5,1064,62,212,143,494,939,34,27,22,2948,36.09,2.10,7.19,4.85,16.76,31.85,1.15
73,73 - 2,545,25,87,65,281,565,18,9,11,1586,34.36,1.58,5.49,4.10,17.72,35.62,1.13
,73 - 1,873,59,175,118,489,994,39,9,18,2747,31.78,2.15,6.37,4.30,17.80,36.18,1.42
,73 - 3,771,42,151,106,486,826,34,21,11,2416,31.91,1.74,6.25,4.39,20.12,34.19,1.41
,73 - 4,1158,78,219,159,574,1321,51,30,12,3560,32.53,2.19,6.15,4.47,16.12,37.11,1.43
74,74 - 5,647,56,156,108,330,883,22,15,13,2202,29.38,2.54,7.08,4.90,14.99,40.10,1.00
,74 - 3,410,22,108,71,254,703,19,6,6,1587,25.83,1.39,6.81,4.47,16.01,44.30,1.20
,74 - 4,640,50,159,76,410,750,27,22,18,2112,30.30,2.37,7.53,3.60,19.41,35.51,1.28
,74 - 2,1078,62,245,162,546,1321,35,11,17,3449,31.26,1.80,7.10,4.70,15.83,38.30,1.01
,74 - 1,844,53,169,140,438,932,34,10,9,2610,32.34,2.03,6.48,5.36,16.78,35.71,1.30
,74 - 6,456,28,109,72,270,552,19,5,7,1506,30.28,1.86,7.24,4.78,17.93,36.65,1.26
75,75 - 1,2440,133,803,413,790,2848,70,44,34,7497,32.55,1.77,10.71,5.51,10.54,37.99,0.93
,75 - 5,2350,149,1118,461,1046,4380,112,54,48,9616,24.44,1.55,11.63,4.79,10.88,45.55,1.16
,75 - 7,3573,238,1421,734,1798,5580,129,106,57,13473,26.52,1.77,10.55,5.45,13.35,41.42,0.96
,75 - 2,2204,122,762,313,755,1898,74,49,32,6128,35.97,1.99,12.43,5.11,12.32,30.97,1.21
,75 - 11,958,46,318,122,258,724,48,15,11,2474,38.72,1.86,12.85,4.93,10.43,29.26,1.94
,75 - 18,1691,90,694,322,955,3411,72,48,34,7235,23.37,1.24,9.59,4.45,13.20,47.15,1.00
,75 - 8,3208,192,1134,540,1466,4544,96,84,45,11180,28.69,1.72,10.14,4.83,13.11,40.64,0.86
,75 - 9,3263,212,1243,545,1713,4705,94,77,67,11775,27.71,1.80,10.56,4.63,14.55,39.96,0.80
,75 - 12,3478,175,1134,543,1466,3948,88,70,69,10832,32.11,1.62,10.47,5.01,13.53,36.45,0.81
,75 - 13,2903,176,980,446,1295,3825,90,55,46,9715,29.88,1.81,10.09,4.59,13.33,39.37,0.93
,75 - 14,1704,77,339,164,419,805,36,22,16,3544,48.08,2.17,9.57,4.63,11.82,22.71,1.02
,75 - 3,1827,100,501,276,731,2186,40,45,22,5661,32.27,1.77,8.85,4.88,12.91,38.62,0.71
,75 - 4,614,32,149,65,159,398,21,13,9,1438,42.70,2.23,10.36,4.52,11.06,27.68,1.46
,75 - 17,963,73,330,164,631,2217,50,38,25,4428,21.75,1.65,7.45,3.70,14.25,50.07,1.13
,75 - 16,2139,141,750,371,1187,4075,69,50,56,8732,24.50,1.61,8.59,4.25,13.59,46.67,0.79
,75 - 15,1927,123,739,304,1072,4019,83,54,41,8267,23.31,1.49,8.94,3.68,12.97,48.61,1.00
,75 - 6,415,32,189,83,225,1248,27,17,10,2219,18.70,1.44,8.52,3.74,10.14,56.24,1.22
76,76 - 1,1015,60,302,150,523,1618,34,25,22,3702,27.42,1.62,8.16,4.05,14.13,43.71,0.92
,76 - 3,783,40,190,66,472,1097,23,24,22,2671,29.31,1.50,7.11,2.47,17.67,41.07,0.86
,76 - 4,1319,86,401,103,787,1289,50,57,49,4035,32.69,2.13,9.94,2.55,19.50,31.95,1.24
,76 - 5,990,83,219,84,668,1181,28,27,24,3253,30.43,2.55,6.73,2.58,20.53,36.30,0.86
,76 - 10,678,53,137,77,405,853,30,7,14,2233,30.36,2.37,6.14,3.45,18.14,38.20,1.34
,76 - 2,1193,64,288,141,591,1324,48,22,15,3649,32.69,1.75,7.89,3.86,16.20,36.28,1.32
,76 - 6,791,38,150,80,394,750,20,4,19,2223,35.58,1.71,6.75,3.60,17.72,33.74,0.90
,76 - 9,610,40,129,65,442,895,30,21,9,2211,27.59,1.81,5.83,2.94,19.99,40.48,1.36
,76 - 8,443,21,86,47,315,567,25,8,6,1504,29.45,1.40,5.72,3.13,20.94,37.70,1.66
,76 - 7,772,53,215,97,517,1017,33,14,13,2704,28.55,1.96,7.95,3.59,19.12,37.61,1.22
77,77 - 10,1016,50,230,93,619,1046,47,21,12,3101,32.76,1.61,7.42,3.00,19.96,33.73,1.52
,77 - 7,661,38,135,79,441,754,25,8,13,2133,30.99,1.78,6.33,3.70,20.68,35.35,1.17
,77 - 6,493,17,119,60,368,617,11,10,5,1685,29.26,1.01,7.06,3.56,21.84,36.62,0.65
,77 - 11,906,52,178,91,506,719,24,14,14,2476,36.59,2.10,7.19,3.68,20.44,29.04,0.97
,77 - 9,847,45,196,109,566,847,24,13,13,2634,32.16,1.71,7.44,4.14,21.49,32.16,0.91
,77 - 5,568,29,122,63,380,756,20,2,9,1938,29.31,1.50,6.30,3.25,19.61,39.01,1.03
,77 - 2,857,48,201,144,542,1019,30,29,17,2841,30.17,1.69,7.07,5.07,19.08,35.87,1.06
,77 - 4,407,24,87,51,310,533,16,12,8,1428,28.50,1.68,6.09,3.57,21.71,37.32,1.12
,77 - 8,869,46,239,100,561,1079,32,23,17,2926,29.70,1.57,8.17,3.42,19.17,36.88,1.09
,77 - 1,705,33,158,85,454,669,21,17,13,2125,33.18,1.55,7.44,4.00,21.36,31.48,0.99
,77 - 3,585,19,146,51,369,723,22,9,5,1915,30.55,0.99,7.62,2.66,19.27,37.75,1.15
78,78 - 7,995,48,220,128,465,1081,33,20,23,2970,33.50,1.62,7.41,4.31,15.66,36.40,1.11
,78 - 9,994,170,229,139,600,1392,25,18,19,3549,28.01,4.79,6.45,3.92,16.91,39.22,0.70
,78 - 2,1503,84,406,255,681,1614,56,33,13,4599,32.68,1.83,8.83,5.54,14.81,35.09,1.22
,78 - 10,1093,51,234,144,614,1333,26,16,10,3495,31.27,1.46,6.70,4.12,17.57,38.14,0.74
,78 - 6,849,50,248,159,445,907,24,14,16,2682,31.66,1.86,9.25,5.93,16.59,33.82,0.89
,78 - 4,1208,82,351,208,612,1411,35,19,15,3907,30.92,2.10,8.98,5.32,15.66,36.11,0.90
,78 - 12,841,42,207,119,447,1012,30,19,8,2698,31.17,1.56,7.67,4.41,16.57,37.51,1.11
,78 - 11,701,43,143,81,425,1763,20,7,18,3176,22.07,1.35,4.50,2.55,13.38,55.51,0.63
,78 - 3,1228,58,293,152,545,1175,24,19,12,3475,35.34,1.67,8.43,4.37,15.68,33.81,0.69
,78 - 1,1187,82,284,176,629,1651,22,25,13,4031,29.45,2.03,7.05,4.37,15.60,40.96,0.55
,78 - 5,1076,71,278,140,517,1074,31,16,16,3187,33.76,2.23,8.72,4.39,16.22,33.70,0.97
,78 - 8,570,25,120,57,378,657,15,9,8,1822,31.28,1.37,6.59,3.13,20.75,36.06,0.82
79,79 - 1,1314,71,261,137,641,1487,34,13,23,3945,33.31,1.80,6.62,3.47,16.25,37.69,0.86
,79 - 3,646,26,109,64,352,654,20,12,8,1871,34.53,1.39,5.83,3.42,18.81,34.95,1.07
,79 - 2,934,58,204,102,530,1274,26,15,31,3128,29.86,1.85,6.52,3.26,16.94,40.73,0.83
80,80 - 1,541,21,134,53,319,651,11,232,4,1730,31.27,1.21,7.75,3.06,18.44,37.63,0.64
,80 - 4,732,21,140,49,264,547,12,9,9,1765,41.47,1.19,7.93,2.78,14.96,30.99,0.68
,80 - 5,265,12,75,13,208,337,12,5,5,922,28.74,1.30,8.13,1.41,22.56,36.55,1.30
,80 - 2,490,30,214,101,305,876,10,9,11,2026,24.19,1.48,10.56,4.99,15.05,43.24,0.49
,80 - 3,312,16,217,21,216,280,10,1,8,1072,29.10,1.49,20.24,1.96,20.15,26.12,0.93
81,81 - 2,1067,82,213,72,469,1119,29,11,23,3051,34.97,2.69,6.98,2.36,15.37,36.68,0.95
,81 - 1,923,61,182,73,393,900,24,11,18,2556,36.11,2.39,7.12,2.86,15.38,35.21,0.94
,81 - 3,916,73,151,67,391,951,37,14,22,2586,35.42,2.82,5.84,2.59,15.12,36.77,1.43
82,82 - 1,1241,205,319,129,615,1365,22,24,35,3896,31.85,5.26,8.19,3.31,15.79,35.04,0.56
,82 - 2,1037,645,207,89,552,933,39,26,24,3502,29.61,18.42,5.91,2.54,15.76,26.64,1.11
83,83 - 6,940,39,190,105,630,967,31,14,14,2902,32.39,1.34,6.55,3.62,21.71,33.32,1.07
,83 - 3,993,63,188,88,487,818,38,12,17,2675,37.12,2.36,7.03,3.29,18.21,30.58,1.42
,83 - 4,641,36,126,68,349,543,17,7,14,1780,36.01,2.02,7.08,3.82,19.61,30.51,0.96
,83 - 8,672,42,103,60,355,739,21,9,6,1992,33.73,2.11,5.17,3.01,17.82,37.10,1.05
,83 - 5,845,42,148,84,461,691,19,10,15,2290,36.90,1.83,6.46,3.67,20.13,30.17,0.83
,83 - 7,874,36,136,74,507,836,34,8,19,2497,35.00,1.44,5.45,2.96,20.30,33.48,1.36
,83 - 2,654,25,143,59,359,631,29,5,7,1900,34.42,1.32,7.53,3.11,18.89,33.21,1.53
,83 - 1,653,39,132,76,296,639,17,5,9,1852,35.26,2.11,7.13,4.10,15.98,34.50,0.92
84,84 - 5,991,82,221,110,481,1054,36,21,19,2975,33.31,2.76,7.43,3.70,16.17,35.43,1.21
,84 - 1,808,56,180,89,449,973,27,24,11,2582,31.29,2.17,6.97,3.45,17.39,37.68,1.05
,84 - 2,755,49,170,82,474,939,36,17,28,2505,30.14,1.96,6.79,3.27,18.92,37.49,1.44
,84 - 4,731,59,152,80,416,690,24,18,15,2152,33.97,2.74,7.06,3.72,19.33,32.06,1.12
,84 - 3,578,39,125,60,301,614,16,9,11,1733,33.35,2.25,7.21,3.46,17.37,35.43,0.92
85,85 - 1,903,45,175,109,407,964,15,11,15,2618,34.49,1.72,6.68,4.16,15.55,36.82,0.57
,85 - 2,1312,67,229,161,545,1209,33,26,19,3556,36.90,1.88,6.44,4.53,15.33,34.00,0.93
,85 - 5,1000,53,139,88,403,725,23,21,14,2431,41.14,2.18,5.72,3.62,16.58,29.82,0.95
,85 - 4,553,20,94,81,224,619,17,10,5,1608,34.39,1.24,5.85,5.04,13.93,38.50,1.06
,85 - 3,1301,69,187,165,672,1128,37,25,12,3559,36.56,1.94,5.25,4.64,18.88,31.69,1.04
86,86 - 3,585,40,117,69,372,638,19,23,11,1840,31.79,2.17,6.36,3.75,20.22,34.67,1.03
,86 - 1,844,41,201,119,517,890,30,19,18,2642,31.95,1.55,7.61,4.50,19.57,33.69,1.14
,86 - 4,551,35,132,115,393,560,19,12,16,1805,30.53,1.94,7.31,6.37,21.77,31.02,1.05
,86 - 2,1366,95,383,232,802,1856,41,42,31,4775,28.61,1.99,8.02,4.86,16.80,38.87,0.86
87,87 - 2,2059,86,299,152,980,1978,57,35,26,5611,36.70,1.53,5.33,2.71,17.47,35.25,1.02
,87 - 1,1020,55,130,62,452,661,21,13,18,2401,42.48,2.29,5.41,2.58,18.83,27.53,0.87
,87 - 3,1196,46,160,101,599,981,28,20,20,3111,38.44,1.48,5.14,3.25,19.25,31.53,0.90
88,88 - 4,430,27,62,35,214,336,19,1,13,1123,38.29,2.40,5.52,3.12,19.06,29.92,1.69
,88 - 2,467,33,77,40,263,435,13,3,9,1328,35.17,2.48,5.80,3.01,19.80,32.76,0.98
,88 - 3,380,28,73,35,221,406,15,5,10,1158,32.82,2.42,6.30,3.02,19.08,35.06,1.30
,88 - 1,485,39,99,62,301,580,14,7,7,1580,30.70,2.47,6.27,3.92,19.05,36.71,0.89
89,89 - 1,677,42,142,78,453,670,37,9,16,2099,32.25,2.00,6.77,3.72,21.58,31.92,1.76
,89 - 2,395,19,94,54,295,401,24,10,8,1282,30.81,1.48,7.33,4.21,23.01,31.28,1.87
,89 - 3,164,10,54,15,120,258,5,0,3,626,26.20,1.60,8.63,2.40,19.17,41.21,0.80
90,90 - 2,365,32,53,35,236,398,6,11,6,1125,32.44,2.84,4.71,3.11,20.98,35.38,0.53
,90 - 1,435,32,70,44,267,455,11,9,8,1314,33.11,2.44,5.33,3.35,20.32,34.63,0.84
91,91 - 9,1395,56,201,137,818,1043,32,32,26,3682,37.89,1.52,5.46,3.72,22.22,28.33,0.87
,91 - 1,2016,51,134,87,472,868,43,42,29,3671,54.92,1.39,3.65,2.37,12.86,23.64,1.17
,91 - 2,864,32,158,113,467,859,27,17,8,2520,34.29,1.27,6.27,4.48,18.53,34.09,1.07
,91 - 3,1289,77,226,137,682,1525,43,26,25,3979,32.40,1.94,5.68,3.44,17.14,38.33,1.08
,91 - 4,1333,79,329,159,785,1524,48,22,18,4257,31.31,1.86,7.73,3.74,18.44,35.80,1.13
,91 - 5,1665,89,461,231,782,1822,56,38,24,5106,32.61,1.74,9.03,4.52,15.32,35.68,1.10
,91 - 6,1424,71,353,184,795,1875,53,18,21,4755,29.95,1.49,7.42,3.87,16.72,39.43,1.11
,91 - 7,1135,51,192,92,608,1083,30,25,10,3191,35.57,1.60,6.02,2.88,19.05,33.94,0.94
,91 - 8,1118,57,231,137,640,1101,28,14,17,3312,33.76,1.72,6.97,4.14,19.32,33.24,0.85
,91 - 10,1041,54,130,101,725,827,24,21,15,2902,35.87,1.86,4.48,3.48,24.98,28.50,0.83
92,92 - 13,1922,105,507,318,853,1986,57,63,35,5748,33.44,1.83,8.82,5.53,14.84,34.55,0.99
,92 - 2,993,75,333,181,540,1269,36,15,24,3427,28.98,2.19,9.72,5.28,15.76,37.03,1.05
,92 - 11,1304,80,473,218,752,2073,43,19,34,4943,26.38,1.62,9.57,4.41,15.21,41.94,0.87
,92 - 3,1433,77,398,212,683,1421,53,13,17,4277,33.50,1.80,9.31,4.96,15.97,33.22,1.24
,92 - 9,706,17,202,75,226,531,10,7,7,1767,39.95,0.96,11.43,4.24,12.79,30.05,0.57
,92 - 10,2395,138,733,387,1094,2723,77,46,25,7547,31.73,1.83,9.71,5.13,14.50,36.08,1.02
,92 - 12,1728,120,461,256,935,2084,52,34,36,5636,30.66,2.13,8.18,4.54,16.59,36.98,0.92
,92 - 8,898,69,217,126,370,904,22,19,14,2606,34.46,2.65,8.33,4.83,14.20,34.69,0.84
,92 - 5,985,48,274,139,547,1192,31,18,13,3216,30.63,1.49,8.52,4.32,17.01,37.06,0.96
,92 - 1,585,28,141,85,431,868,28,14,3,2166,27.01,1.29,6.51,3.92,19.90,40.07,1.29
,92 - 7,1800,84,446,293,630,1491,48,19,8,4792,37.56,1.75,9.31,6.11,13.15,31.11,1.00
,92 - 4,986,64,280,146,653,1270,34,23,13,3433,28.72,1.86,8.16,4.25,19.02,36.99,0.99
,92 - 6,853,40,173,100,303,563,24,19,8,2056,41.49,1.95,8.41,4.86,14.74,27.38,1.17
93,93 - 7,979,77,383,171,773,2780,55,45,20,5218,18.76,1.48,7.34,3.28,14.81,53.28,1.05
,93 - 10,680,80,147,53,549,999,20,20,21,2528,26.90,3.16,5.81,2.10,21.72,39.52,0.79
,93 - 11,377,26,72,51,321,390,11,8,8,1248,30.21,2.08,5.77,4.09,25.72,31.25,0.88
,93 - 3,996,71,214,135,612,1128,34,22,32,3190,31.22,2.23,6.71,4.23,19.18,35.36,1.07
,93 - 9,1001,60,273,126,719,1738,46,18,42,3963,25.26,1.51,6.89,3.18,18.14,43.86,1.16
,93 - 5,323,21,72,22,294,475,11,14,9,1218,26.52,1.72,5.91,1.81,24.14,39.00,0.90
,93 - 12,601,22,124,77,439,663,20,17,10,1946,30.88,1.13,6.37,3.96,22.56,34.07,1.03
,93 - 4,400,35,82,18,345,658,16,14,15,1554,25.74,2.25,5.28,1.16,22.20,42.34,1.03
,93 - 6,733,51,175,87,521,1204,38,25,26,2809,26.09,1.82,6.23,3.10,18.55,42.86,1.35
,93 - 1,661,44,185,58,455,1107,31,17,18,2541,26.01,1.73,7.28,2.28,17.91,43.57,1.22
,93 - 8,522,29,154,65,351,748,21,16,11,1890,27.62,1.53,8.15,3.44,18.57,39.58,1.11
,93 - 2,616,42,112,58,399,1144,17,24,16,2388,25.80,1.76,4.69,2.43,16.71,47.91,0.71
94,94 - 3,675,64,140,75,533,703,16,21,10,2206,30.60,2.90,6.35,3.40,24.16,31.87,0.73
,94 - 9,1193,62,204,91,618,1126,42,39,28,3336,35.76,1.86,6.12,2.73,18.53,33.75,1.26
,94 - 11,935,68,338,144,688,1497,32,27,24,3702,25.26,1.84,9.13,3.89,18.58,40.44,0.86
,94 - 1,1999,94,456,245,1162,2010,79,36,38,6045,33.07,1.56,7.54,4.05,19.22,33.25,1.31
,94 - 5,1052,56,274,160,553,1057,29,12,8,3181,33.07,1.76,8.61,5.03,17.38,33.23,0.91
,94 - 8,1390,78,315,157,662,1438,40,33,15,4080,34.07,1.91,7.72,3.85,16.23,35.25,0.98
,94 - 4,941,79,193,105,517,984,35,13,16,2854,32.97,2.77,6.76,3.68,18.11,34.48,1.23
,94 - 7,1052,64,249,110,605,1176,16,24,33,3272,32.15,1.96,7.61,3.36,18.49,35.94,0.49
,94 - 2,413,29,111,43,309,505,21,10,11,1431,28.86,2.03,7.76,3.00,21.59,35.29,1.47
,94 - 6,2015,95,481,316,760,2068,56,23,16,5791,34.80,1.64,8.31,5.46,13.12,35.71,0.97
,94 - 10,815,48,310,122,550,1398,33,28,17,3276,24.88,1.47,9.46,3.72,16.79,42.67,1.01
95,95 - 7,911,46,210,85,488,851,23,20,21,2614,34.85,1.76,8.03,3.25,18.67,32.56,0.88
,95 - 1,818,48,231,111,508,963,32,15,11,2711,30.17,1.77,8.52,4.09,18.74,35.52,1.18
,95 - 2,789,44,214,88,441,860,22,11,12,2458,32.10,1.79,8.71,3.58,17.94,34.99,0.90
,95 - 3,1065,59,240,141,671,1193,33,19,13,3402,31.31,1.73,7.05,4.14,19.72,35.07,0.97
,95 - 6,917,54,213,111,515,861,17,8,15,2688,34.11,2.01,7.92,4.13,19.16,32.03,0.63
,95 - 4,1015,53,229,124,585,1114,30,10,17,3150,32.22,1.68,7.27,3.94,18.57,35.37,0.95
,95 - 5,671,31,138,55,551,777,26,14,26,2249,29.84,1.38,6.14,2.45,24.50,34.55,1.16
,95 - 8,390,19,47,27,255,290,9,6,9,1037,37.61,1.83,4.53,2.60,24.59,27.97,0.87
,95 - 9,604,25,106,44,580,502,19,16,13,1880,32.13,1.33,5.64,2.34,30.85,26.70,1.01
,95 - 10,925,57,213,103,579,1039,25,23,10,2941,31.45,1.94,7.24,3.50,19.69,35.33,0.85
2A,2A - 1,628,45,86,32,209,424,17,6,7,1441,43.58,3.12,5.97,2.22,14.50,29.42,1.18
,2A - 2,98,5,10,7,51,93,2,1,2,266,36.84,1.88,3.76,2.63,19.17,34.96,0.75
2B,2B - 1,0,0,0,0,0,0,0,0,0,0,#DIV/0!,#DIV/0!,#DIV/0!,#DIV/0!,#DIV/0!,#DIV/0!,#DIV/0!
,2B - 2,0,0,0,0,0,0,0,0,0,0,,,,,,,
